average_voltage,current_A,current_B,current_C
(12210.509143151216+0j),(84+0j),(86.22222222222223-120j),(86.55555555555556+120j)
(12212.228363952801+0j),(83.8+0j),(85.8-120j),(86.06666666666666+120j)
(12207.494091745446+0j),(84.46666666666667+0j),(87-120j),(86.86666666666666+120j)
(12202.999007506753+0j),(84.85714285714286+0j),(87.64285714285714-120j),(87.35714285714286+120j)
(12200.469663470305+0j),(86.25+0j),(89.16666666666667-120j),(89.08333333333333+120j)
(12193.307770845358+0j),(92.21428571428572+0j),(95.57142857142856-120j),(95.07142857142856+120j)
(12192.172103832338+0j),(100.3846153846154+0j),(103.46153846153848-120j),(102.76923076923076+120j)
(12193.3490101503+0j),(102.5+0j),(105.64285714285714-120j),(104.78571428571428+120j)
(12190.351229906433+0j),(103.6923076923077+0j),(106.76923076923076-120j),(106.46153846153848+120j)
(12188.63398295192+0j),(103.06666666666666+0j),(106.46666666666668-120j),(105.8+120j)
(12189.018883131377+0j),(102+0j),(105.21428571428572-120j),(104.5+120j)
(12186.33832831014+0j),(100.35714285714286+0j),(103.57142857142856-120j),(103.35714285714286+120j)
(12193.329765141327+0j),(99.4+0j),(102.4-120j),(101.86666666666666+120j)
(12202.33917862768+0j),(99.28571428571428+0j),(102.57142857142856-120j),(101.57142857142856+120j)
(12206.161744970392+0j),(97.84615384615384+0j),(101.3076923076923-120j),(100.15384615384616+120j)
(12209.847904381371+0j),(96.23076923076924+0j),(99.46153846153848-120j),(99.07692307692308+120j)
(12205.136578146257+0j),(95+0j),(98.83333333333331-120j),(98.08333333333331+120j)
(12206.916741476258+0j),(91.07692307692308+0j),(94.3076923076923-120j),(93.92307692307692+120j)
(12210.03443292988+0j),(78.73333333333333+0j),(81.8-120j),(81.93333333333334+120j)
(12208.854988808536+0j),(76.92857142857143+0j),(79.85714285714286-120j),(80.92857142857143+120j)
(12204.118813248644+0j),(77.23076923076923+0j),(80.07692307692308-120j),(80.38461538461539+120j)
(12206.161744970394+0j),(77.53846153846153+0j),(80.15384615384616-120j),(80.53846153846153+120j)
(12199.588834213466+0j),(78.6923076923077+0j),(81.46153846153847-120j),(81.38461538461539+120j)
(12193.720163894779+0j),(80.78571428571429+0j),(83.78571428571429-120j),(83.5+120j)
(12202.519997118583+0j),(84.53846153846153+0j),(87.53846153846153-120j),(86.76923076923077+120j)
(12197.057375340866+0j),(84.07692307692308+0j),(86.76923076923077-120j),(86.61538461538461+120j)
(12197.717627187169+0j),(83.33333333333333+0j),(85.53333333333333-120j),(86.06666666666666+120j)
(12208.813749503593+0j),(81.57142857142857+0j),(83.92857142857143-120j),(84.57142857142857+120j)
(12198.875077012544+0j),(83.92857142857143+0j),(85.78571428571429-120j),(86.35714285714286+120j)
(12195.458559210801+0j),(82.61538461538461+0j),(85.15384615384616-120j),(85+120j)
(12202.957768201815+0j),(83.35714285714286+0j),(85.78571428571429-120j),(85.71428571428571+120j)
(12212.651754150207+0j),(83.8+0j),(86.53333333333333-120j),(86.26666666666667+120j)
(12217.638960761205+0j),(84.42857142857143+0j),(86.85714285714286-120j),(87.07142857142857+120j)
(12224.622149731407+0j),(84.33333333333333+0j),(86.46666666666667-120j),(86.86666666666666+120j)
(12227.041522288011+0j),(83.92857142857143+0j),(85.78571428571429-120j),(86.85714285714286+120j)
(12220.64943002198+0j),(82.92857142857143+0j),(84.92857142857143-120j),(85.92857142857143+120j)
(12233.999717740062+0j),(82.45454545454545+0j),(84.72727272727273-120j),(84.81818181818181+120j)
(12231.121041223054+0j),(82.92307692307692+0j),(84.53846153846153-120j),(85.46153846153847+120j)
(12238.671006281686+0j),(82.92307692307692+0j),(84.6923076923077-120j),(85.38461538461539+120j)
(12239.603649024224+0j),(82.38461538461539+0j),(84.15384615384616-120j),(84.53846153846153+120j)
(12224.196010247004+0j),(82.35714285714286+0j),(84.21428571428571-120j),(84.57142857142857+120j)
(12226.29921479905+0j),(82+0j),(83.64285714285714-120j),(84.64285714285714+120j)
(12228.767228587127+0j),(81.6923076923077+0j),(84.15384615384616-120j),(84+120j)
(12238.715417840856+0j),(82.53846153846153+0j),(85.38461538461539-120j),(85.3076923076923+120j)
(12239.0174164432+0j),(82.33333333333333+0j),(84.33333333333333-120j),(84.6+120j)
(12240.314233970917+0j),(82.46153846153847+0j),(85.07692307692308-120j),(84.6923076923077+120j)
(12243.200985316867+0j),(82.61538461538461+0j),(84.76923076923077-120j),(84.6923076923077+120j)
(12260.34088638527+0j),(83.13333333333334+0j),(85.2-120j),(85.06666666666666+120j)
(12265.652508861815+0j),(82.93333333333334+0j),(84.53333333333333-120j),(84.73333333333333+120j)
(12275.221719477306+0j),(80.92307692307692+0j),(82.84615384615384-120j),(82.92307692307692+120j)
(12271.332535795842+0j),(80.28571428571429+0j),(82.64285714285714-120j),(82.71428571428571+120j)
(12275.976715983168+0j),(80.23076923076923+0j),(82.07692307692308-120j),(81.92307692307692+120j)
(12280.124755609502+0j),(79.53333333333333+0j),(81.8-120j),(81.46666666666667+120j)
(12287.212840452783+0j),(79.15384615384616+0j),(81.3076923076923-120j),(81+120j)
(12283.126977009288+0j),(79.07692307692308+0j),(81.07692307692308-120j),(80.92307692307692+120j)
(12278.43119481988+0j),(78.53333333333333+0j),(80.6-120j),(80.53333333333333+120j)
(12281.08404528754+0j),(78.53846153846153+0j),(80.76923076923077-120j),(80.61538461538461+120j)
(12298.271318685724+0j),(77.38461538461539+0j),(79.6923076923077-120j),(79.46153846153847+120j)
(12294.921418222733+0j),(76.42857142857143+0j),(79.21428571428571-120j),(78.64285714285714+120j)
(12287.49834333315+0j),(76.57142857142857+0j),(79-120j),(78.42857142857143+120j)
(12280.570140102876+0j),(76.92857142857143+0j),(78.57142857142857-120j),(79.28571428571429+120j)
(12290.302616069215+0j),(69.28571428571429+0j),(70.71428571428571-120j),(71.21428571428571+120j)
(12295.562213576448+0j),(64.23076923076923+0j),(65.92307692307692-120j),(66.53846153846153+120j)
(12293.827201998267+0j),(64.4+0j),(66.06666666666666-120j),(66.53333333333333+120j)
(12301.68466423324+0j),(64.28571428571429+0j),(65.42857142857143-120j),(66.42857142857143+120j)
(12307.52002588255+0j),(63.41666666666666+0j),(64.66666666666667-120j),(65.66666666666667+120j)
(12318.963933003984+0j),(63.142857142857146+0j),(64.64285714285714-120j),(65.21428571428571+120j)
(12332.779100159594+0j),(59.333333333333336+0j),(61.41666666666666-120j),(61.66666666666666+120j)
(12340.151418981555+0j),(57.46153846153846+0j),(59.23076923076923-120j),(59.61538461538461+120j)
(12349.92196199861+0j),(57+0j),(58.23076923076923-120j),(58.84615384615385+120j)
(12363.419903731587+0j),(57.07142857142857+0j),(58.21428571428572-120j),(58.71428571428572+120j)
(12363.08998929205+0j),(56.42857142857143+0j),(57.42857142857143-120j),(58.5+120j)
(12383.852393203293+0j),(56.07692307692308+0j),(57.30769230769231-120j),(58.15384615384615+120j)
(12414.309206030159+0j),(55.42857142857143+0j),(56.642857142857146-120j),(57.285714285714285+120j)
(12402.63848273154+0j),(55.6+0j),(57.2-120j),(57.6+120j)
(12410.413466356627+0j),(54.6+0j),(55.73333333333333-120j),(57.06666666666667+120j)
(12422.10343466422+0j),(54.07142857142857+0j),(55.285714285714285-120j),(56.35714285714285+120j)
(12419.60369833388+0j),(53.69230769230769+0j),(54.76923076923077-120j),(56.07692307692308+120j)
(12438.929071080604+0j),(54+0j),(55.07142857142857-120j),(56.35714285714285+120j)
(12453.280349200459+0j),(53.642857142857146+0j),(55-120j),(55.785714285714285+120j)
(12444.092232059355+0j),(53.13333333333333+0j),(54.53333333333333-120j),(55.6+120j)
(12444.074467435687+0j),(53+0j),(54.61538461538461-120j),(55.46153846153846+120j)
(12454.1051352993+0j),(53.21428571428572+0j),(54.35714285714285-120j),(55.5+120j)
(12460.868381309807+0j),(52.92857142857143+0j),(54.42857142857143-120j),(55.71428571428572+120j)
(12442.668101395355+0j),(53.6+0j),(55-120j),(56.266666666666666+120j)
(12436.743387918672+0j),(52.85714285714285+0j),(54.5-120j),(55.57142857142857+120j)
(12448.785264961767+0j),(52.5+0j),(54.285714285714285-120j),(54.85714285714285+120j)
(12449.004150503386+0j),(52.38461538461539+0j),(54.07692307692308-120j),(54.69230769230769+120j)
(12450.674025128117+0j),(52+0j),(53.73333333333333-120j),(54.66666666666666+120j)
(12454.600006958606+0j),(52.6+0j),(53.93333333333333-120j),(54.8+120j)
(12463.177782386569+0j),(52.142857142857146+0j),(53.642857142857146-120j),(54.57142857142857+120j)
(12473.893128454027+0j),(51.833333333333336+0j),(53.16666666666666-120j),(54.083333333333336+120j)
(12481.735469610518+0j),(52.4+0j),(53.266666666666666-120j),(54.4+120j)
(12497.282687573697+0j),(51.285714285714285+0j),(52.57142857142857-120j),(54.21428571428572+120j)
(12435.585938093294+0j),(52+0j),(53.13333333333333-120j),(54.53333333333333+120j)
(12388.693253152655+0j),(52.46153846153846+0j),(53.23076923076923-120j),(54.61538461538461+120j)
(12392.69981024049+0j),(51.85714285714285+0j),(53.21428571428572-120j),(54.42857142857143+120j)
(12412.247240783052+0j),(52.07142857142857+0j),(53.21428571428572-120j),(54.35714285714285+120j)
(12420.092225484734+0j),(52.46153846153846+0j),(53.46153846153846-120j),(54.53846153846154+120j)
(12425.876831066422+0j),(52.66666666666666+0j),(53.583333333333336-120j),(55.333333333333336+120j)
(12431.258560361368+0j),(52+0j),(53.21428571428572-120j),(54.285714285714285+120j)
(12424.385342871017+0j),(51.86666666666667+0j),(53.06666666666667-120j),(54.2+120j)
(12426.620724682492+0j),(51.53846153846154+0j),(52.30769230769231-120j),(53.92307692307692+120j)
(12435.085567859998+0j),(51.46666666666667+0j),(52.53333333333333-120j),(54+120j)
(12438.472689439242+0j),(52.2+0j),(53.06666666666667-120j),(54.53333333333333+120j)
(12435.047077842053+0j),(51.06666666666667+0j),(52.2-120j),(53.73333333333333+120j)
(12446.440123154061+0j),(51.13333333333333+0j),(52.2-120j),(53.8+120j)
(12455.672228887102+0j),(50.785714285714285+0j),(52.285714285714285-120j),(53.42857142857143+120j)
(12453.486545725169+0j),(50.57142857142857+0j),(52.07142857142857-120j),(53.07142857142857+120j)
(12450.39359785451+0j),(51.07142857142857+0j),(52.92857142857143-120j),(53.57142857142857+120j)
(12459.672441466486+0j),(51.21428571428572+0j),(52.57142857142857-120j),(53.57142857142857+120j)
(12472.941980895168+0j),(51.23076923076923+0j),(52.30769230769231-120j),(53.53846153846154+120j)
(12470.89904917342+0j),(51.15384615384615+0j),(52.15384615384615-120j),(53.15384615384615+120j)
(12466.10260078323+0j),(50.76923076923077+0j),(52.23076923076923-120j),(53.15384615384615+120j)
(12460.785902699923+0j),(52+0j),(53.42857142857143-120j),(54.35714285714285+120j)
(12466.064533732513+0j),(51.642857142857146+0j),(52.92857142857143-120j),(54.21428571428572+120j)
(12464.373722229886+0j),(51.85714285714285+0j),(53.21428571428572-120j),(54+120j)
(12468.417923401212+0j),(51.46666666666667+0j),(52.8-120j),(53.86666666666667+120j)
(12474.383876182837+0j),(51.86666666666667+0j),(53.13333333333333-120j),(54.53333333333333+120j)
(12477.605194607855+0j),(52.23076923076923+0j),(53.61538461538461-120j),(54.38461538461539+120j)
(12479.503048569652+0j),(51.53333333333333+0j),(52.66666666666666-120j),(53.53333333333333+120j)
(12465.033551108962+0j),(51.642857142857146+0j),(52.785714285714285-120j),(53.642857142857146+120j)
(12465.036723363188+0j),(51.92307692307692+0j),(52.46153846153846-120j),(53.61538461538461+120j)
(12469.226213778076+0j),(51.583333333333336+0j),(52.66666666666666-120j),(53.75+120j)
(12477.694017726191+0j),(51.61538461538461+0j),(53.23076923076923-120j),(53.76923076923077+120j)
(12476.939021220327+0j),(51.61538461538461+0j),(52.76923076923077-120j),(53.61538461538461+120j)
(12477.199146066887+0j),(51.57142857142857+0j),(52.85714285714285-120j),(54+120j)
(12479.887948749112+0j),(51.73333333333333+0j),(53.13333333333333-120j),(54.266666666666666+120j)
(12485.853901530738+0j),(51.8+0j),(53.13333333333333-120j),(53.73333333333333+120j)
(12490.51944156319+0j),(51.42857142857143+0j),(52.642857142857146-120j),(53.285714285714285+120j)
(12479.714743668355+0j),(51.57142857142857+0j),(52.85714285714285-120j),(53.35714285714285+120j)
(12476.423847133974+0j),(51.2+0j),(52.6-120j),(53.4+120j)
(12475.699534978083+0j),(50.81818181818182+0j),(52.09090909090909-120j),(53.45454545454545+120j)
(12470.724575190974+0j),(50.785714285714285+0j),(52.21428571428572-120j),(53.642857142857146+120j)
(12470.09223918186+0j),(50.91666666666666+0j),(51.91666666666666-120j),(52.91666666666666+120j)
(12446.888256934431+0j),(51.35714285714285+0j),(53-120j),(53.285714285714285+120j)
(12443.712830453886+0j),(51.142857142857146+0j),(53-120j),(53.07142857142857+120j)
(12448.648858030037+0j),(50.69230769230769+0j),(52-120j),(52.76923076923077+120j)
(12450.674025128117+0j),(50.86666666666667+0j),(52-120j),(52.86666666666667+120j)
(12451.012187428641+0j),(50.142857142857146+0j),(51.71428571428572-120j),(52.642857142857146+120j)
(12450.869435988458+0j),(50.61538461538461+0j),(52.30769230769231-120j),(53.23076923076923+120j)
(12454.022656689416+0j),(50.84615384615385+0j),(52.07692307692308-120j),(53.15384615384615+120j)
(12456.524507855904+0j),(51+0j),(52-120j),(53.083333333333336+120j)
(12450.158851041762+0j),(51+0j),(52.46153846153846-120j),(53.76923076923077+120j)
(12449.740642192926+0j),(50.833333333333336+0j),(52-120j),(53.333333333333336+120j)
(12447.776776504548+0j),(52.36363636363637+0j),(53.54545454545455-120j),(55.09090909090909+120j)
(12448.908982876592+0j),(54.785714285714285+0j),(56.35714285714285-120j),(57.21428571428572+120j)
(12445.439382687462+0j),(57.4+0j),(58.8-120j),(59.2+120j)
(12441.243970731353+0j),(58.4+0j),(59.4-120j),(60.266666666666666+120j)
(12454.407556868875+0j),(59.86666666666667+0j),(61.4-120j),(61.86666666666667+120j)
(12457.19808316996+0j),(61+0j),(62.785714285714285-120j),(63+120j)
(12455.218596532737+0j),(60.71428571428572+0j),(62.21428571428572-120j),(62.285714285714285+120j)
(12453.406816402281+0j),(59.93333333333333+0j),(60.93333333333333-120j),(61.73333333333333+120j)
(12438.973059672542+0j),(59.8+0j),(61.46666666666667-120j),(62.4+120j)
(12442.013771090273+0j),(59.6+0j),(61.06666666666667-120j),(61.6+120j)
(12450.289124948657+0j),(59+0j),(60.13333333333333-120j),(60.6+120j)
(12440.125010923923+0j),(58+0j),(59.642857142857146-120j),(60.21428571428572+120j)
(12425.278861144761+0j),(59.285714285714285+0j),(60.85714285714285-120j),(61.57142857142857+120j)
(12419.381640538038+0j),(60.93333333333333+0j),(62.333333333333336-120j),(62.8+120j)
(12415.739892686228+0j),(62.53846153846154+0j),(63.92307692307692-120j),(64.38461538461539+120j)
(12409.990076159222+0j),(62.2+0j),(64.06666666666666-120j),(64.53333333333333+120j)
(12424.990186010167+0j),(62.785714285714285+0j),(64.14285714285714-120j),(64.78571428571429+120j)
(12423.216895897654+0j),(63.142857142857146+0j),(64.78571428571429-120j),(65.28571428571429+120j)
(12411.067796661708+0j),(62.73333333333333+0j),(64.53333333333333-120j),(64.46666666666667+120j)
(12419.505358452867+0j),(63.642857142857146+0j),(65.28571428571429-120j),(65.78571428571429+120j)
(12414.144248810391+0j),(64.35714285714286+0j),(66.14285714285714-120j),(66.71428571428571+120j)
(12415.784304245395+0j),(64.53846153846153+0j),(65.61538461538461-120j),(66.23076923076923+120j)
(12410.102796926063+0j),(65.57142857142857+0j),(67-120j),(67.64285714285714+120j)
(12401.813696632698+0j),(65.28571428571429+0j),(66.57142857142857-120j),(67.35714285714286+120j)
(12394.599990522052+0j),(65.84615384615384+0j),(67.6923076923077-120j),(67.76923076923077+120j)
(12368.305386723729+0j),(67.93333333333334+0j),(69.86666666666666-120j),(70+120j)
(12358.404569799783+0j),(65.53846153846153+0j),(67.3076923076923-120j),(68.15384615384616+120j)
(12363.556310663322+0j),(68.07692307692308+0j),(70-120j),(70.53846153846153+120j)
(12361.646613619076+0j),(67.85714285714286+0j),(69.85714285714286-120j),(70.5+120j)
(12367.79127005545+0j),(67.14285714285714+0j),(68.85714285714286-120j),(69.42857142857143+120j)
(12371.017452603617+0j),(67.3076923076923+0j),(69.07692307692308-120j),(69.46153846153847+120j)
(12376.57524200812+0j),(68.64285714285714+0j),(70.28571428571429-120j),(70.64285714285714+120j)
(12375.725077875471+0j),(70+0j),(72-120j),(72.23076923076923+120j)
(12368.074446616054+0j),(71.73333333333333+0j),(73.33333333333333-120j),(73.93333333333334+120j)
(12361.316699179539+0j),(74.78571428571429+0j),(75.85714285714286-120j),(77.42857142857143+120j)
(12366.884005346725+0j),(77.07142857142857+0j),(79.07142857142857-120j),(80.28571428571429+120j)
(12359.381624101487+0j),(81.07692307692308+0j),(83.38461538461539-120j),(84.15384615384616+120j)
(12343.62503735937+0j),(82.21428571428571+0j),(84.21428571428571-120j),(85.64285714285714+120j)
(12341.769268636976+0j),(83.57142857142857+0j),(85.57142857142857-120j),(86.78571428571429+120j)
(12332.614142939827+0j),(84.42857142857143+0j),(86.5-120j),(87.21428571428571+120j)
(12338.635081461376+0j),(84.64285714285714+0j),(86.64285714285714-120j),(87.07142857142857+120j)
(12333.150253904074+0j),(84.85714285714286+0j),(87-120j),(87.28571428571429+120j)
(12326.072954725163+0j),(84.92307692307692+0j),(86.84615384615384-120j),(87.07692307692308+120j)
(12328.959706071111+0j),(84.46153846153847+0j),(86.84615384615384-120j),(87.38461538461539+120j)
(12326.11736628433+0j),(84.53846153846153+0j),(86.92307692307692-120j),(87.61538461538461+120j)
(12314.097695020815+0j),(84.21428571428571+0j),(86.35714285714286-120j),(86.71428571428571+120j)
(12322.098120179588+0j),(83.85714285714286+0j),(86.35714285714286-120j),(86.64285714285714+120j)
(12315.458592083905+0j),(83.15384615384616+0j),(85.84615384615384-120j),(86.15384615384616+120j)
(12311.953251163826+0j),(83.28571428571429+0j),(85.28571428571429-120j),(86.5+120j)
(12313.548895039665+0j),(84.92307692307692+0j),(87.07692307692308-120j),(88.07692307692308+120j)
(12312.942994482439+0j),(85.28571428571429+0j),(87.85714285714286-120j),(88.42857142857143+120j)
(12310.209953273094+0j),(84.36363636363636+0j),(86.54545454545455-120j),(87.36363636363636+120j)
(12308.963401555522+0j),(83.5+0j),(85.83333333333333-120j),(86.16666666666667+120j)
(12311.070730038065+0j),(83.4+0j),(85.6-120j),(86+120j)
(12303.004321991388+0j),(83.07142857142857+0j),(85.5-120j),(86.64285714285714+120j)
(12294.137871428831+0j),(83+0j),(85-120j),(85.85714285714286+120j)
(12290.824980598481+0j),(82.93333333333334+0j),(84.8-120j),(85.53333333333333+120j)
(12289.78575011394+0j),(83.06666666666666+0j),(85.66666666666667-120j),(86.2+120j)
(12302.410476000221+0j),(83+0j),(85.26666666666667-120j),(86.33333333333333+120j)
(12282.17847299562+0j),(82.78571428571429+0j),(85-120j),(86.35714285714286+120j)
(12288.982958311066+0j),(83.14285714285714+0j),(85.42857142857143-120j),(86.14285714285714+120j)
(12291.825721065077+0j),(82.4+0j),(84.46666666666667-120j),(85.4+120j)
(12287.312766460911+0j),(82.33333333333333+0j),(84.91666666666667-120j),(85.41666666666667+120j)
(12274.389742935553+0j),(82.66666666666667+0j),(84.8-120j),(85.93333333333334+120j)
(12266.827934794472+0j),(82.53846153846153+0j),(84.61538461538461-120j),(85.53846153846153+120j)
(12256.403907406797+0j),(82.85714285714286+0j),(84.57142857142857-120j),(85.71428571428571+120j)
(12244.526987583466+0j),(83.78571428571429+0j),(85.78571428571429-120j),(86.5+120j)
(12255.337184052296+0j),(83.13333333333334+0j),(85.66666666666667-120j),(85.93333333333334+120j)
(12252.733609266947+0j),(82.78571428571429+0j),(85.28571428571429-120j),(85.85714285714286+120j)
(12243.251318417259+0j),(82.33333333333333+0j),(84.6-120j),(85.06666666666666+120j)
(12236.361605204927+0j),(82.78571428571429+0j),(85.14285714285714-120j),(85.78571428571429+120j)
(12231.858273105248+0j),(82.86666666666666+0j),(85.06666666666666-120j),(85.46666666666667+120j)
(12227.93229127476+0j),(82.46666666666667+0j),(84.8-120j),(85.46666666666667+120j)
(12225.036657616978+0j),(82.3076923076923+0j),(84.07692307692308-120j),(84.84615384615384+120j)
(12231.35790287195+0j),(81.83333333333333+0j),(83.91666666666667-120j),(84.83333333333333+120j)
(12241.59624764558+0j),(81.93333333333334+0j),(83.93333333333334-120j),(84.4+120j)
(12226.29921479905+0j),(82.28571428571429+0j),(83.71428571428571-120j),(84.57142857142857+120j)
(12221.515455425764+0j),(81.92857142857143+0j),(83.85714285714286-120j),(84.78571428571429+120j)
(12226.29921479905+0j),(82.28571428571429+0j),(84.21428571428571-120j),(85+120j)
(12224.608403296426+0j),(82.28571428571429+0j),(84.28571428571429-120j),(84.78571428571429+120j)
(12220.566951412098+0j),(82.21428571428571+0j),(84-120j),(85+120j)
(12217.927635895801+0j),(82.64285714285714+0j),(84.92857142857143-120j),(85.57142857142857+120j)
(12223.371224148163+0j),(81.71428571428571+0j),(83.92857142857143-120j),(84.5+120j)
(12226.457827510369+0j),(81.38461538461539+0j),(83.61538461538461-120j),(83.53846153846153+120j)
(12227.330197422605+0j),(81.5+0j),(83.92857142857143-120j),(84+120j)
(12218.340028945224+0j),(82.71428571428571+0j),(85.07142857142857-120j),(85.28571428571429+120j)
(12205.679562327994+0j),(84.28571428571429+0j),(86-120j),(86.21428571428571+120j)
(12203.37565982523+0j),(84.66666666666667+0j),(86.6-120j),(86.53333333333333+120j)
(12192.793865660695+0j),(85.07692307692308+0j),(87.23076923076923-120j),(87.38461538461539+120j)
(12189.98113358003+0j),(84.83333333333333+0j),(87.25-120j),(87.58333333333333+120j)
(12188.936404521495+0j),(84.35714285714286+0j),(87-120j),(87.14285714285714+120j)
(12192.944864961866+0j),(84.6+0j),(86.46666666666667-120j),(86.66666666666667+120j)
(12186.276469352728+0j),(85+0j),(87.08333333333333-120j),(87.08333333333333+120j)
(12181.158037158566+0j),(85.3076923076923+0j),(87.76923076923077-120j),(87.53846153846153+120j)
(12175.428946025839+0j),(85.15384615384616+0j),(87.23076923076923-120j),(87.3076923076923+120j)
(12179.987475349053+0j),(85.64285714285714+0j),(87.5-120j),(87.57142857142857+120j)
(12195.782129141884+0j),(84.85714285714286+0j),(87.35714285714286-120j),(87.07142857142857+120j)
(12231.511862943733+0j),(85.66666666666667+0j),(88-120j),(87.8+120j)
(12224.319728161829+0j),(86.21428571428571+0j),(88.64285714285714-120j),(88.92857142857143+120j)
(12217.619927235848+0j),(85.07692307692308+0j),(86.84615384615384-120j),(87.23076923076923+120j)
(12216.89665327225+0j),(84.78571428571429+0j),(86.5-120j),(87+120j)
(12212.734655727321+0j),(85.15384615384616+0j),(86.46153846153847-120j),(86.84615384615384+120j)
(12206.68580136858+0j),(85.66666666666667+0j),(87.4-120j),(87.2+120j)
(12196.029564971537+0j),(85.85714285714286+0j),(87.57142857142857-120j),(88.14285714285714+120j)
(12193.019095710764+0j),(85.14285714285714+0j),(87.28571428571429-120j),(87.21428571428571+120j)
(12192.260926950674+0j),(85.46153846153847+0j),(87.3076923076923-120j),(87.38461538461539+120j)
(12189.142601046206+0j),(86.64285714285714+0j),(88.5-120j),(88.78571428571429+120j)
(12177.693935543428+0j),(86.23076923076923+0j),(88-120j),(88.46153846153847+120j)
(12171.351964894176+0j),(85.86666666666666+0j),(87.73333333333333-120j),(88.46666666666667+120j)
(12168.481709270205+0j),(85.71428571428571+0j),(87.71428571428571-120j),(88.71428571428571+120j)
(12175.739826940018+0j),(86.61538461538461+0j),(89.23076923076923-120j),(89.46153846153847+120j)
(12171.50592496596+0j),(86.53333333333333+0j),(88.53333333333333-120j),(88.8+120j)
(12168.151794830666+0j),(86.35714285714286+0j),(88.21428571428571-120j),(88.35714285714286+120j)
(12176.358416514147+0j),(85.5+0j),(87.35714285714286-120j),(87.5+120j)
(12176.02850207461+0j),(86+0j),(87.64285714285714-120j),(88.5+120j)
(12176.729570258629+0j),(84.78571428571429+0j),(86.35714285714286-120j),(87.28571428571429+120j)
(12170.461195907428+0j),(80.85714285714286+0j),(82.35714285714286-120j),(83+120j)
(12165.232052040765+0j),(82.2+0j),(83.33333333333333-120j),(84+120j)
(12167.533205256535+0j),(83.14285714285714+0j),(85.28571428571429-120j),(85.64285714285714+120j)
(12160.613249887248+0j),(84.46666666666667+0j),(86.93333333333334-120j),(86.66666666666667+120j)
(12163.986625031512+0j),(85.21428571428571+0j),(87-120j),(87.78571428571429+120j)
(12174.546636383693+0j),(86.2+0j),(87.86666666666666-120j),(88.26666666666667+120j)
(12163.519246242171+0j),(87.25+0j),(89-120j),(89.41666666666667+120j)
(12155.944960567802+0j),(89+0j),(91.14285714285714-120j),(91.42857142857144+120j)
(12156.533307984975+0j),(83.26666666666667+0j),(85.46666666666667-120j),(85.73333333333333+120j)
(12163.884901412657+0j),(84.53333333333333+0j),(86.8-120j),(86.53333333333333+120j)
(12166.579202668874+0j),(84.86666666666666+0j),(87.26666666666667-120j),(86.86666666666666+120j)
(12157.995928666924+0j),(85.86666666666666+0j),(87.73333333333333-120j),(87.66666666666667+120j)
(12163.986625031512+0j),(86.64285714285714+0j),(88.78571428571429-120j),(89.28571428571429+120j)
(12172.035162712717+0j),(86.58333333333333+0j),(88.41666666666667-120j),(88.83333333333333+120j)
(12176.53923500505+0j),(88+0j),(89.76923076923077-120j),(89.92307692307692+120j)
(12170.74987104202+0j),(88+0j),(89.92857142857143-120j),(90.35714285714286+120j)
(12167.568100053028+0j),(88.23076923076923+0j),(90.6923076923077-120j),(90.23076923076924+120j)
(12175.085496634936+0j),(88.06666666666666+0j),(90.06666666666666-120j),(90.13333333333334+120j)
(12168.357991355379+0j),(87.92857142857143+0j),(90.14285714285714-120j),(90.35714285714286+120j)
(12158.41931886433+0j),(88.53333333333333+0j),(90.73333333333332-120j),(90.73333333333332+120j)
(12154.57031706973+0j),(87.53333333333333+0j),(89.13333333333334-120j),(89.06666666666666+120j)
(12159.574019402708+0j),(87.3076923076923+0j),(88.92307692307692-120j),(89.23076923076923+120j)
(12157.957438648975+0j),(87.4+0j),(89.46666666666667-120j),(89.66666666666667+120j)
(12158.955429828577+0j),(87.35714285714286+0j),(89.35714285714286-120j),(89.57142857142857+120j)
(12167.96484331493+0j),(86.86666666666666+0j),(88.93333333333334-120j),(88.73333333333333+120j)
(12172.49778312072+0j),(86.38461538461539+0j),(88.61538461538461-120j),(88.23076923076923+120j)
(12172.48192184959+0j),(86.64285714285714+0j),(88.57142857142857-120j),(88.28571428571429+120j)
(12163.769431358818+0j),(86.13333333333334+0j),(88.26666666666667-120j),(87.73333333333333+120j)
(12166.94633822467+0j),(86.15384615384616+0j),(88.15384615384616-120j),(88.38461538461539+120j)
(12159.351961606864+0j),(85.92307692307692+0j),(88.61538461538461-120j),(88+120j)
(12162.884160946061+0j),(86.26666666666667+0j),(88.8-120j),(88.06666666666666+120j)
(12171.327221311209+0j),(86.07142857142857+0j),(88.35714285714286-120j),(88.35714285714286+120j)
(12163.837529082877+0j),(86+0j),(87.6923076923077-120j),(88.07692307692308+120j)
(12162.625727968423+0j),(86.42857142857143+0j),(88.5-120j),(88.21428571428571+120j)
(12158.130643729733+0j),(85.14285714285714+0j),(87.07142857142857-120j),(86.57142857142857+120j)
(12164.563975300704+0j),(84.71428571428571+0j),(87.07142857142857-120j),(86.78571428571429+120j)
(12172.646879069356+0j),(84.14285714285714+0j),(86.57142857142857-120j),(86.21428571428571+120j)
(12176.779057424557+0j),(83.33333333333333+0j),(85.4-120j),(85.53333333333333+120j)
(12177.548857783477+0j),(83.33333333333333+0j),(85.4-120j),(85.46666666666667+120j)
(12184.708001121428+0j),(82.73333333333333+0j),(85-120j),(84.66666666666667+120j)
(12184.853713332226+0j),(82.57142857142857+0j),(84.85714285714286-120j),(84.35714285714286+120j)
(12181.84324407145+0j),(82.78571428571429+0j),(84.85714285714286-120j),(84.92857142857143+120j)
(12183.02332264364+0j),(82.61538461538461+0j),(84.15384615384616-120j),(84.92307692307692+120j)
(12186.517031964891+0j),(82.08333333333333+0j),(84.25-120j),(84.5+120j)
(12182.97891108447+0j),(81.76923076923077+0j),(83.61538461538461-120j),(83.6923076923077+120j)
(12186.049653175547+0j),(82.21428571428571+0j),(84.21428571428571-120j),(83.64285714285714+120j)
(12192.73042057617+0j),(81.28571428571429+0j),(83.42857142857143-120j),(83.57142857142857+120j)
(12190.673953903057+0j),(81.8+0j),(84.13333333333334-120j),(83.66666666666667+120j)
(12192.15307030698+0j),(81.28571428571429+0j),(83.28571428571429-120j),(83.21428571428571+120j)
(12196.524436630843+0j),(80.21428571428571+0j),(81.85714285714286-120j),(82+120j)
(12193.802642504663+0j),(80.85714285714286+0j),(83.21428571428571-120j),(83.64285714285714+120j)
(12189.374175604726+0j),(80.6923076923077+0j),(83.15384615384616-120j),(83.38461538461539+120j)
(12203.782554300655+0j),(79.71428571428571+0j),(81.57142857142857-120j),(81.71428571428571+120j)
(12195.677656236032+0j),(78.86666666666666+0j),(81.2-120j),(81+120j)
(12203.914520076472+0j),(76.93333333333334+0j),(79.13333333333334-120j),(79.13333333333334+120j)
(12204.34087104449+0j),(78.15384615384616+0j),(80.38461538461539-120j),(80.3076923076923+120j)
(12206.504348426837+0j),(78.71428571428571+0j),(81.07142857142857-120j),(81+120j)
(12209.638535602437+0j),(78.92857142857143+0j),(81.21428571428571-120j),(81.5+120j)
(12204.530360363608+0j),(78.33333333333333+0j),(80.26666666666667-120j),(80.73333333333333+120j)
(12208.956712427393+0j),(77.66666666666667+0j),(79.46666666666667-120j),(80.06666666666666+120j)
(12202.164704645236+0j),(77.61538461538461+0j),(79.61538461538461-120j),(79.76923076923077+120j)
(12202.66909306722+0j),(77.28571428571429+0j),(79.14285714285714-120j),(79.57142857142857+120j)
(12207.494091745446+0j),(77.07142857142857+0j),(78.92857142857143-120j),(79.5+120j)
(12209.892315940544+0j),(77.3076923076923+0j),(79.61538461538461-120j),(79.84615384615384+120j)
(12210.650273217016+0j),(77.86666666666666+0j),(80.06666666666666-120j),(80.66666666666667+120j)
(12213.226355132401+0j),(76.92857142857143+0j),(79.28571428571429-120j),(79.42857142857143+120j)
(12217.845157285916+0j),(77.92857142857143+0j),(79.71428571428571-120j),(80.21428571428571+120j)
(12225.545910162109+0j),(77.53333333333333+0j),(79.06666666666666-120j),(79.73333333333333+120j)
(12215.98938856352+0j),(77.07142857142857+0j),(78.71428571428571-120j),(79.35714285714286+120j)
(12217.04257696666+0j),(76.92307692307692+0j),(79.46153846153847-120j),(79.3076923076923+120j)
(12219.742165313255+0j),(77.35714285714286+0j),(79.5-120j),(79.5+120j)
(12221.217263528493+0j),(78.07692307692308+0j),(79.46153846153847-120j),(80+120j)
(12229.699871329663+0j),(77.38461538461539+0j),(78.84615384615384-120j),(79.76923076923077+120j)
(12242.712458166014+0j),(77+0j),(78.75-120j),(79.33333333333333+120j)
(12240.210606999526+0j),(76.73333333333333+0j),(78.73333333333333-120j),(79+120j)
(12226.277220503081+0j),(76.26666666666667+0j),(78.53333333333333-120j),(79.26666666666667+120j)
(12231.52074525557+0j),(75.07692307692308+0j),(77-120j),(77.15384615384616+120j)
(12235.543692323577+0j),(74.5+0j),(75.66666666666667-120j),(75.83333333333333+120j)
(12243.423043112709+0j),(75.61538461538461+0j),(77.23076923076923-120j),(77.3076923076923+120j)
(12249.846857920998+0j),(74.85714285714286+0j),(76.35714285714286-120j),(76.57142857142857+120j)
(12245.44524944018+0j),(74.2+0j),(75.86666666666666-120j),(76.46666666666667+120j)
(12256.60735464451+0j),(72.6+0j),(74.53333333333333-120j),(75+120j)
(12266.517053880294+0j),(72.61538461538461+0j),(74-120j),(74.3076923076923+120j)
(12269.03963044106+0j),(72.93333333333334+0j),(74.93333333333334-120j),(75.46666666666667+120j)
(12279.316465232636+0j),(72.06666666666666+0j),(73.93333333333334-120j),(74+120j)
(12286.857547979436+0j),(71.84615384615384+0j),(73.23076923076923-120j),(73.6923076923077+120j)
(12294.827942464864+0j),(71.86666666666666+0j),(73.26666666666667-120j),(74.2+120j)
(12291.864211083024+0j),(72.66666666666667+0j),(74-120j),(74.53333333333333+120j)
(12287.787018467745+0j),(69.21428571428571+0j),(70.42857142857143-120j),(71.28571428571429+120j)
(12295.540007796864+0j),(68.64285714285714+0j),(70.28571428571429-120j),(71.07142857142857+120j)
(12304.3557022918+0j),(68.76923076923077+0j),(69.92307692307692-120j),(70.92307692307692+120j)
(12300.60144515676+0j),(67.46666666666667+0j),(68.86666666666666-120j),(69.73333333333333+120j)
(12304.24150113965+0j),(67.28571428571429+0j),(68.92857142857143-120j),(69.57142857142857+120j)
(12310.416399732983+0j),(66.93333333333334+0j),(68.46666666666667-120j),(68.86666666666666+120j)
(12310.097482441432+0j),(64.35714285714286+0j),(66.21428571428571-120j),(66.78571428571429+120j)
(12317.36828912815+0j),(62.84615384615385+0j),(64.76923076923077-120j),(65.07692307692308+120j)
(12325.73542687548+0j),(62.66666666666666+0j),(64.46666666666667-120j),(65.13333333333334+120j)
(12351.996616262622+0j),(61.57142857142857+0j),(62.85714285714285-120j),(63.85714285714285+120j)
(12344.491062763156+0j),(60.71428571428572+0j),(62.07142857142857-120j),(63.07142857142857+120j)
(12341.026961148022+0j),(60.642857142857146+0j),(62.57142857142857-120j),(63.285714285714285+120j)
(12344.287615525442+0j),(59.4+0j),(60.66666666666666-120j),(61.46666666666667+120j)
(12346.457860383473+0j),(59.53846153846154+0j),(61.07692307692308-120j),(61.84615384615385+120j)
(12349.907158145556+0j),(60.13333333333333+0j),(61.266666666666666-120j),(62.266666666666666+120j)
(12367.227666221244+0j),(58.5+0j),(59.583333333333336-120j),(60.75+120j)
(12345.851959826248+0j),(58.07142857142857+0j),(58.85714285714285-120j),(59.85714285714285+120j)
(12344.992278930915+0j),(58+0j),(59.15384615384615-120j),(60.30769230769231+120j)
(12352.255049240259+0j),(54.73333333333333+0j),(55.8-120j),(56.73333333333333+120j)
(12365.60558689352+0j),(56.42857142857143+0j),(57.5-120j),(58.142857142857146+120j)
(12378.833887017261+0j),(55.46153846153846+0j),(56.69230769230769-120j),(57.46153846153846+120j)
(12379.899764437303+0j),(51.92307692307692+0j),(52.61538461538461-120j),(53.84615384615385+120j)
(12391.180300466085+0j),(44.76923076923077+0j),(45.61538461538461-120j),(46.92307692307692+120j)
(12395.488221705422+0j),(45.23076923076923+0j),(45.84615384615385-120j),(47.69230769230769+120j)
(12404.139593431433+0j),(53.06666666666667+0j),(53.8-120j),(54.93333333333333+120j)
(12397.648526833545+0j),(55.07142857142857+0j),(55.92857142857143-120j),(56.42857142857143+120j)
(12406.295034436409+0j),(53.333333333333336+0j),(54.46666666666667-120j),(55.46666666666667+120j)
(12407.98859522603+0j),(51.6+0j),(53.06666666666667-120j),(53.86666666666667+120j)
(12406.525974544082+0j),(48+0j),(49.13333333333333-120j),(50.46666666666667+120j)
(12416.109989012632+0j),(43+0j),(43.91666666666666-120j),(45.333333333333336+120j)
(12425.031425315108+0j),(44.21428571428572+0j),(44.785714285714285-120j),(46.42857142857143+120j)
(12430.967135939776+0j),(52.13333333333333+0j),(53.06666666666667-120j),(54+120j)
(12438.434199421295+0j),(54.5+0j),(55.642857142857146-120j),(56.785714285714285+120j)
(12445.4861205664+0j),(53+0j),(53.5-120j),(54.35714285714285+120j)
(12452.598526025415+0j),(46.46666666666667+0j),(47.6-120j),(48.93333333333333+120j)
(12462.559192812434+0j),(43.57142857142857+0j),(44.5-120j),(45.5+120j)
(12459.54872355166+0j),(45.785714285714285+0j),(46.642857142857146-120j),(47.57142857142857+120j)
(12459.796159381314+0j),(53.266666666666666+0j),(54.06666666666667-120j),(54.93333333333333+120j)
(12464.909833194133+0j),(53.07142857142857+0j),(53.85714285714285-120j),(54.785714285714285+120j)
(12468.263963329426+0j),(51.333333333333336+0j),(52.13333333333333-120j),(53.266666666666666+120j)
(12481.504529502845+0j),(46.86666666666667+0j),(47.46666666666667-120j),(48.73333333333333+120j)
(12479.272108461977+0j),(43.46666666666667+0j),(43.8-120j),(45.53333333333333+120j)
(12478.023932165728+0j),(46.35714285714285+0j),(46.42857142857143-120j),(48.07142857142857+120j)
(12479.879700888125+0j),(52.57142857142857+0j),(53.21428571428572-120j),(54.85714285714285+120j)
(12477.605194607855+0j),(54+0j),(54.46153846153846-120j),(55.84615384615385+120j)
(12468.621370638926+0j),(51.21428571428572+0j),(52.35714285714285-120j),(53.285714285714285+120j)
(12483.30256319832+0j),(44.5+0j),(45.71428571428572-120j),(46.642857142857146+120j)
(12500.711048457882+0j),(43.06666666666667+0j),(43.333333333333336-120j),(44.86666666666667+120j)
(12502.520079301345+0j),(46.4+0j),(46.93333333333333-120j),(48.2+120j)
(12501.76508279548+0j),(53.07692307692308+0j),(53.76923076923077-120j),(54.92307692307692+120j)
(12503.880976364437+0j),(51.5+0j),(52-120j),(53.57142857142857+120j)
(12505.777984391772+0j),(49.785714285714285+0j),(50.5-120j),(51.85714285714285+120j)
(12509.178852406+0j),(44.4+0j),(44.93333333333333-120j),(46.333333333333336+120j)
(12513.220304290326+0j),(42.66666666666666+0j),(43.13333333333333-120j),(44.66666666666666+120j)
(12523.964517871245+0j),(47.21428571428572+0j),(48.21428571428572-120j),(49.57142857142857+120j)
(12530.274131527389+0j),(51.57142857142857+0j),(53-120j),(53.57142857142857+120j)
(12529.078191684068+0j),(52.285714285714285+0j),(53.92857142857143-120j),(54.21428571428572+120j)
(12533.504543747855+0j),(49.333333333333336+0j),(50.66666666666666-120j),(51.2+120j)
(12540.192184365967+0j),(43.25+0j),(44.583333333333336-120j),(45.333333333333336+120j)
(12541.587447516511+0j),(42.53333333333333+0j),(43.53333333333333-120j),(44.53333333333333+120j)
(12542.588187983107+0j),(49.53333333333333+0j),(50.13333333333333-120j),(51.06666666666667+120j)
(12538.04932663609+0j),(52.84615384615385+0j),(53.61538461538461-120j),(54.69230769230769+120j)
(12542.62371723044+0j),(51.15384615384615+0j),(51.69230769230769-120j),(53+120j)
(12545.738870880683+0j),(48.5+0j),(49.5-120j),(50.57142857142857+120j)
(12545.110764543873+0j),(43.38461538461539+0j),(44.61538461538461-120j),(45.61538461538461+120j)
(12547.091520082784+0j),(44.46666666666667+0j),(45.4-120j),(46.46666666666667+120j)
(12544.13053798794+0j),(51.21428571428572+0j),(52.285714285714285-120j),(53.35714285714285+120j)
(12447.300649983852+0j),(52.07142857142857+0j),(52.85714285714285-120j),(54.07142857142857+120j)
(12460.497227565327+0j),(51.21428571428572+0j),(52-120j),(53+120j)
(12457.83316846607+0j),(46.66666666666666+0j),(47.6-120j),(49.13333333333333+120j)
(12467.79024003163+0j),(43.46153846153846+0j),(44.30769230769231-120j),(45.46153846153846+120j)
(12462.517953507493+0j),(42.71428571428572+0j),(43.57142857142857-120j),(44.785714285714285+120j)
(12458.558980233049+0j),(42.42857142857143+0j),(43.71428571428572-120j),(44.85714285714285+120j)
(12462.22103051191+0j),(42.333333333333336+0j),(42.73333333333333-120j),(44.333333333333336+120j)
(12460.414748955443+0j),(44.21428571428572+0j),(45.142857142857146-120j),(46.07142857142857+120j)
(12465.693379988035+0j),(50.92857142857143+0j),(52.142857142857146-120j),(52.85714285714285+120j)
(12464.722881678397+0j),(51+0j),(52.2-120j),(53.13333333333333+120j)
(12465.074790413903+0j),(51+0j),(52.57142857142857-120j),(53.21428571428572+120j)
(12470.810226055084+0j),(45+0j),(46.53846153846154-120j),(47.30769230769231+120j)
(12469.611113957537+0j),(42.6+0j),(43.73333333333333-120j),(45+120j)
(12473.460115752134+0j),(43.266666666666666+0j),(44.266666666666666-120j),(45.73333333333333+120j)
(12470.724575190974+0j),(42.92857142857143+0j),(44.142857142857146-120j),(45.35714285714285+120j)
(12467.68661306024+0j),(42.8+0j),(44.4-120j),(45.2+120j)
(12472.002993644179+0j),(43.142857142857146+0j),(44.42857142857143-120j),(45.285714285714285+120j)
(12473.075215572673+0j),(50+0j),(51.42857142857143-120j),(52.35714285714285+120j)
(12469.899789092131+0j),(54.785714285714285+0j),(56.5-120j),(57.07142857142857+120j)
(12444.977502472111+0j),(55.2+0j),(56.2-120j),(57+120j)
(12447.25941067891+0j),(51.42857142857143+0j),(52.71428571428572-120j),(53.642857142857146+120j)
(12448.364624051357+0j),(46.8+0j),(48.06666666666667-120j),(49+120j)
(12445.47787270541+0j),(45.8+0j),(47.2-120j),(48+120j)
(12446.352145970184+0j),(53.71428571428572+0j),(54.42857142857143-120j),(55.35714285714285+120j)
(12437.568174017511+0j),(55.583333333333336+0j),(56.583333333333336-120j),(57.5+120j)
(12443.668841861949+0j),(54.86666666666667+0j),(55.66666666666666-120j),(56.86666666666667+120j)
(12442.786532219803+0j),(49.53846153846154+0j),(50.53846153846154-120j),(51.38461538461539+120j)
(12448.455350522232+0j),(46.21428571428572+0j),(47-120j),(48+120j)
(12439.47342990584+0j),(47.66666666666666+0j),(48.13333333333333-120j),(49.13333333333333+120j)
(12425.309103301719+0j),(56.13333333333333+0j),(57.06666666666667-120j),(58+120j)
(12421.998961758365+0j),(55.53333333333333+0j),(56.6-120j),(57.46666666666667+120j)
(12412.618394527532+0j),(55.42857142857143+0j),(57-120j),(57.85714285714285+120j)
(12407.33976349494+0j),(50.35714285714285+0j),(51.285714285714285-120j),(52.71428571428572+120j)
(12416.406066073756+0j),(47.92307692307692+0j),(49-120j),(49.61538461538461+120j)
(12413.415687756415+0j),(51.2+0j),(52.8-120j),(53.6+120j)
(12411.16550209188+0j),(56.69230769230769+0j),(57.76923076923077-120j),(58.84615384615385+120j)
(12401.617016870665+0j),(58.38461538461539+0j),(59.69230769230769-120j),(60.30769230769231+120j)
(12397.854723358256+0j),(54.92857142857143+0j),(56.142857142857146-120j),(56.5+120j)
(12406.020105736792+0j),(48.285714285714285+0j),(49.42857142857143-120j),(50.285714285714285+120j)
(12404.040619099573+0j),(48+0j),(49.85714285714285-120j),(50.57142857142857+120j)
(12402.25358255208+0j),(52.46666666666667+0j),(53.93333333333333-120j),(54.6+120j)
(12385.140328419177+0j),(58.30769230769231+0j),(59.92307692307692-120j),(60.46153846153846+120j)
(12392.477117993803+0j),(59.4+0j),(61.333333333333336-120j),(62.13333333333333+120j)
(12391.462631092227+0j),(54.85714285714285+0j),(56.5-120j),(57.642857142857146+120j)
(12385.565410485504+0j),(51.42857142857143+0j),(52.57142857142857-120j),(53.642857142857146+120j)
(12391.135888906916+0j),(50.15384615384615+0j),(51.84615384615385-120j),(52.38461538461539+120j)
(12390.336480841885+0j),(55.84615384615385+0j),(57.07692307692308-120j),(58+120j)
(12396.518569878132+0j),(59.13333333333333+0j),(60.333333333333336-120j),(60.86666666666667+120j)
(12395.215407841957+0j),(60.35714285714285+0j),(62.07142857142857-120j),(62.642857142857146+120j)
(12386.916790785914+0j),(56.61538461538461+0j),(57.61538461538461-120j),(58.84615384615385+120j)
(12390.967759432922+0j),(52.285714285714285+0j),(53.07142857142857-120j),(54.785714285714285+120j)
(12386.961202345085+0j),(53.53846153846154+0j),(54.84615384615385-120j),(55.84615384615385+120j)
(12390.637844993384+0j),(63+0j),(64.78571428571429-120j),(65.28571428571429+120j)
(12373.593323035386+0j),(66.3076923076923+0j),(67.92307692307692-120j),(69+120j)
(12371.38458815941+0j),(65.13333333333334+0j),(66.73333333333333-120j),(67.6+120j)
(12363.201018189973+0j),(61.38461538461539+0j),(63.38461538461539-120j),(63.92307692307692+120j)
(12361.60812360113+0j),(58.06666666666667+0j),(59.73333333333333-120j),(60.4+120j)
(12353.398752630654+0j),(58.85714285714285+0j),(60.42857142857143-120j),(60.92857142857143+120j)
(12357.29724159118+0j),(66.66666666666667+0j),(68.46666666666667-120j),(69.13333333333334+120j)
(12353.785767646265+0j),(68.84615384615384+0j),(71.38461538461539-120j),(71.61538461538461+120j)
(12345.018925866412+0j),(67.4+0j),(69.33333333333333-120j),(70.33333333333333+120j)
(12352.320186193705+0j),(62.15384615384615+0j),(64.15384615384616-120j),(65.07692307692308+120j)
(12347.174366871392+0j),(58.6+0j),(60.333333333333336-120j),(61.333333333333336+120j)
(12335.542133590718+0j),(60.92857142857143+0j),(62.57142857142857-120j),(63.71428571428572+120j)
(12330.717134912491+0j),(66.64285714285714+0j),(69.42857142857143-120j),(70.64285714285714+120j)
(12325.19656662424+0j),(64.6+0j),(66.4-120j),(67.53333333333333+120j)
(12320.737223116495+0j),(61.85714285714285+0j),(63.42857142857143-120j),(65.07142857142857+120j)
(12322.469273924064+0j),(63.785714285714285+0j),(65.64285714285714-120j),(66.92857142857143+120j)
(12312.654319347841+0j),(66.92857142857143+0j),(69-120j),(69.78571428571429+120j)
(12312.494860702069+0j),(64.86666666666666+0j),(67.06666666666666-120j),(68.13333333333334+120j)
(12317.932950380433+0j),(58.71428571428572+0j),(60.71428571428572-120j),(61.71428571428572+120j)
(12310.762809894499+0j),(59.4+0j),(62.266666666666666-120j),(63.13333333333333+120j)
(12300.447485084977+0j),(68.21428571428571+0j),(70.78571428571429-120j),(71.85714285714286+120j)
(12292.7357350608+0j),(72.35714285714286+0j),(74.71428571428571-120j),(75.42857142857143+120j)
(12284.592558461845+0j),(71+0j),(73.15384615384616-120j),(73.92307692307692+120j)
(12288.977459737074+0j),(69.93333333333334+0j),(72.73333333333333-120j),(73.06666666666666+120j)
(12282.973016937503+0j),(71.46666666666667+0j),(74-120j),(74.73333333333333+120j)
(12282.318686632421+0j),(73.46666666666667+0j),(76.2-120j),(76.73333333333333+120j)
(12283.786805888361+0j),(71.64285714285714+0j),(74.07142857142857-120j),(75.07142857142857+120j)
(12285.859768283452+0j),(71.4+0j),(73.86666666666666-120j),(74.2+120j)
(12278.374940178266+0j),(72.6923076923077+0j),(74.6923076923077-120j),(75.46153846153847+120j)
(12274.12031280993+0j),(74.06666666666666+0j),(76.66666666666667-120j),(77.2+120j)
(12261.311384694907+0j),(73.35714285714286+0j),(75.78571428571429-120j),(76.21428571428571+120j)
(12254.383181464633+0j),(72.14285714285714+0j),(74.35714285714286-120j),(75.07142857142857+120j)
(12263.852360330187+0j),(74.15384615384616+0j),(76.23076923076923-120j),(77.23076923076923+120j)
(12249.217271198886+0j),(77.46666666666667+0j),(79.8-120j),(80.26666666666667+120j)
(12248.568439467794+0j),(75.64285714285714+0j),(78.21428571428571-120j),(78.57142857142857+120j)
(12248.75243021292+0j),(74.07692307692308+0j),(77.6923076923077-120j),(77.61538461538461+120j)
(12236.155408680217+0j),(74.64285714285714+0j),(77.21428571428571-120j),(77.92857142857143+120j)
(12232.631034234779+0j),(74.92307692307692+0j),(77.23076923076923-120j),(78.07692307692308+120j)
(12227.866308386852+0j),(78.35714285714286+0j),(80.57142857142857-120j),(81.07142857142857+120j)
(12226.381693408937+0j),(79.14285714285714+0j),(81.71428571428571-120j),(82.42857142857143+120j)
(12212.03041528908+0j),(78.07142857142857+0j),(80.42857142857143-120j),(81.28571428571429+120j)
(12210.611783199069+0j),(76.86666666666666+0j),(79.26666666666667-120j),(80.26666666666667+120j)
(12201.181728802305+0j),(76.93333333333334+0j),(79.26666666666667-120j),(80.66666666666667+120j)
(12198.174008828526+0j),(76.5+0j),(78.78571428571429-120j),(79.5+120j)
(12199.06477781528+0j),(76.93333333333334+0j),(79.66666666666667-120j),(80.2+120j)
(12191.195049530634+0j),(80.92307692307692+0j),(83-120j),(83.38461538461539+120j)
(12191.452002122964+0j),(79+0j),(81.5-120j),(82.21428571428571+120j)
(12184.477061013755+0j),(78.93333333333334+0j),(80.86666666666666-120j),(81.53333333333333+120j)
(12187.941162628893+0j),(78.6+0j),(80.93333333333334-120j),(81.26666666666667+120j)
(12185.101149161877+0j),(78.21428571428571+0j),(80.64285714285714-120j),(81.21428571428571+120j)
(12182.544312255466+0j),(78.07142857142857+0j),(80.5-120j),(80.78571428571429+120j)
(12177.317917675802+0j),(78+0j),(80.86666666666666-120j),(81.33333333333333+120j)
(12166.667179852751+0j),(78.35714285714286+0j),(81.21428571428571-120j),(81.71428571428571+120j)
(12167.698162476303+0j),(78.64285714285714+0j),(81-120j),(81.5+120j)
(12181.646564309418+0j),(78.46153846153847+0j),(81.61538461538461-120j),(81.38461538461539+120j)
(12163.538491251145+0j),(79.46666666666667+0j),(82.26666666666667-120j),(82.2+120j)
(12156.57179800292+0j),(79.33333333333333+0j),(81.8-120j),(81.86666666666666+120j)
(12155.932271550897+0j),(78.92307692307692+0j),(81.92307692307692-120j),(81.6923076923077+120j)
(12151.683565723783+0j),(79.46666666666667+0j),(82-120j),(81.73333333333333+120j)
(12147.719093875348+0j),(80.33333333333333+0j),(83.2-120j),(83+120j)
(12246.7126707454+0j),(79.5+0j),(82-120j),(82.35714285714286+120j)
(12263.141775383494+0j),(79.92307692307692+0j),(82.15384615384616-120j),(82.92307692307692+120j)
(12255.86779644255+0j),(80.28571428571429+0j),(82.42857142857143-120j),(82.92857142857143+120j)
(12249.794621468074+0j),(81+0j),(82.93333333333334-120j),(83.6+120j)
(12240.815450138676+0j),(80.92857142857143+0j),(82.85714285714286-120j),(83.42857142857143+120j)
(12233.1639729448+0j),(80.07692307692308+0j),(82.53846153846153-120j),(83.3076923076923+120j)
(12237.708755833039+0j),(79.8+0j),(82.33333333333333-120j),(83.13333333333334+120j)
(12243.023339080193+0j),(80.3076923076923+0j),(82.46153846153847-120j),(83.3076923076923+120j)
(12237.323855653576+0j),(80.33333333333333+0j),(82.6-120j),(83.2+120j)
(12228.90046326463+0j),(80.84615384615384+0j),(82.92307692307692-120j),(83.6923076923077+120j)
(12226.97004082611+0j),(80.26666666666667+0j),(82.73333333333333-120j),(83.26666666666667+120j)
(12226.587889933646+0j),(79.78571428571429+0j),(81.78571428571429-120j),(82.85714285714286+120j)
(12226.191358155356+0j),(81.07692307692308+0j),(83.46153846153847-120j),(83.76923076923077+120j)
(12233.522966381412+0j),(80.66666666666667+0j),(82.75-120j),(83.58333333333333+120j)
(12227.288958117662+0j),(81.07142857142857+0j),(83.57142857142857-120j),(84.14285714285714+120j)
(12204.566101094557+0j),(80.78571428571429+0j),(83.5-120j),(84.07142857142857+120j)
(12199.081273537256+0j),(81+0j),(83.14285714285714-120j),(83.78571428571429+120j)
(12198.756857671711+0j),(80.73333333333333+0j),(83.2-120j),(83.66666666666667+120j)
(12195.905847056712+0j),(82.14285714285714+0j),(84.42857142857143-120j),(85.28571428571429+120j)
(12192.565463356403+0j),(82+0j),(84.71428571428571-120j),(85.35714285714286+120j)
(12190.95713046366+0j),(81.78571428571429+0j),(84.71428571428571-120j),(84.42857142857143+120j)
(12180.047748179355+0j),(85.15384615384616+0j),(88.38461538461539-120j),(88.38461538461539+120j)
(12166.584701242866+0j),(91.85714285714286+0j),(94.85714285714286-120j),(95.35714285714286+120j)
(12155.408849603555+0j),(95.21428571428572+0j),(97.57142857142856-120j),(98.42857142857144+120j)
(12152.290523699086+0j),(94.3846153846154+0j),(97.3846153846154-120j),(97.53846153846152+120j)
(12180.523586313302+0j),(93.64285714285714+0j),(96.5-120j),(96.78571428571428+120j)
(12181.224654497319+0j),(92.85714285714286+0j),(95.71428571428572-120j),(95.92857142857144+120j)
(12182.357149256113+0j),(90.15384615384616+0j),(93.3846153846154-120j),(93.3846153846154+120j)
(12188.13361271862+0j),(87.93333333333334+0j),(90.93333333333334-120j),(90.93333333333334+120j)
(12182.008201291219+0j),(87.85714285714286+0j),(90.57142857142856-120j),(90.57142857142856+120j)
(12177.818287909098+0j),(87.13333333333334+0j),(89.93333333333334-120j),(90.26666666666668+120j)
(12176.432647263044+0j),(87.46666666666667+0j),(90.33333333333331-120j),(90.4+120j)
(12167.612511612195+0j),(88.38461538461539+0j),(91.76923076923076-120j),(91.53846153846152+120j)
(12167.967804085542+0j),(88.15384615384616+0j),(91.3076923076923-120j),(91+120j)
(12177.55435635747+0j),(86.71428571428571+0j),(89.92857142857143-120j),(89.92857142857143+120j)
(12182.97891108447+0j),(87.23076923076923+0j),(89.6923076923077-120j),(90.23076923076924+120j)
(12189.442273328783+0j),(87+0j),(89.6-120j),(90+120j)
(12188.647729386901+0j),(87.78571428571429+0j),(90.5-120j),(90.57142857142856+120j)
(12183.511849794493+0j),(86.53846153846153+0j),(89.46153846153847-120j),(89.38461538461539+120j)
(12175.585866868232+0j),(85.6+0j),(88.33333333333333-120j),(89.33333333333333+120j)
(12179.011478465425+0j),(86.5+0j),(89-120j),(89.83333333333333+120j)
(12178.981870759311+0j),(87+0j),(89.46153846153847-120j),(90+120j)
(12177.915993339271+0j),(86.07692307692308+0j),(88.92307692307692-120j),(89.07692307692308+120j)
(12178.360108930954+0j),(85.76923076923077+0j),(88.61538461538461-120j),(88.92307692307692+120j)
(12168.234273440552+0j),(86.92307692307692+0j),(89.46153846153847-120j),(89.92307692307692+120j)
(12167.233532973958+0j),(86.6+0j),(89.33333333333333-120j),(89.93333333333334+120j)
(12158.650258972004+0j),(86+0j),(88.73333333333333-120j),(89.13333333333334+120j)
(12156.802738110597+0j),(86.86666666666666+0j),(89.13333333333334-120j),(89.66666666666667+120j)
(12153.882995320695+0j),(86.85714285714286+0j),(89.64285714285714-120j),(89.71428571428571+120j)
(12161.690970389736+0j),(85.2+0j),(88.13333333333334-120j),(88.06666666666666+120j)
(12165.125464298762+0j),(85.07692307692308+0j),(87.61538461538461-120j),(87.84615384615384+120j)
(12157.26461832595+0j),(85.33333333333333+0j),(87.86666666666666-120j),(88.8+120j)
(12150.336415095673+0j),(85.14285714285714+0j),(87.57142857142857-120j),(88.14285714285714+120j)
(12149.759064826485+0j),(84.85714285714286+0j),(87.57142857142857-120j),(88.42857142857143+120j)
(12170.626153127194+0j),(83.35714285714286+0j),(86.92857142857143-120j),(86.85714285714286+120j)
(12170.428204463471+0j),(83.13333333333334+0j),(86.2-120j),(86.46666666666667+120j)
(12168.852863014683+0j),(84.07142857142857+0j),(86.64285714285714-120j),(87.28571428571429+120j)
(12167.390453816352+0j),(84.38461538461539+0j),(86.92307692307692-120j),(87.23076923076923+120j)
(12166.368987955477+0j),(83.3076923076923+0j),(85.92307692307692-120j),(86.46153846153847+120j)
(12170.158774337851+0j),(81.86666666666666+0j),(84.2-120j),(84.73333333333333+120j)
(12168.894102319626+0j),(81.92857142857143+0j),(84.5-120j),(84.78571428571429+120j)
(12192.527396305686+0j),(69.3076923076923+0j),(71.61538461538461-120j),(72.15384615384616+120j)
(12199.369948671849+0j),(67+0j),(68.92857142857143-120j),(69.78571428571429+120j)
(12203.497051420287+0j),(68.84615384615384+0j),(71.07692307692308-120j),(71.84615384615384+120j)
(12193.480226120571+0j),(69.18181818181819+0j),(71.27272727272727-120j),(72+120j)
(12193.513967370069+0j),(71+0j),(72.78571428571429-120j),(73.5+120j)
(12196.978068985209+0j),(72.57142857142857+0j),(74.71428571428571-120j),(75.64285714285714+120j)
(12186.874439274388+0j),(76.85714285714286+0j),(79.07142857142857-120j),(79.64285714285714+120j)
(12181.63704754674+0j),(82.85714285714286+0j),(85.28571428571429-120j),(85.85714285714286+120j)
(12178.742048339804+0j),(84.26666666666667+0j),(86.33333333333333-120j),(87.6+120j)
(12178.241678106504+0j),(83+0j),(85.06666666666666-120j),(85.93333333333334+120j)
(12176.39965581909+0j),(84.5+0j),(87-120j),(87.28571428571429+120j)
(12169.5539311987+0j),(83.5+0j),(85.71428571428571-120j),(86.57142857142857+120j)
(12180.935979362725+0j),(80.33333333333333+0j),(82.46666666666667-120j),(83.2+120j)
(12191.080848378486+0j),(77.71428571428571+0j),(79.71428571428571-120j),(80.42857142857143+120j)
(12190.091105059873+0j),(75.78571428571429+0j),(78.07142857142857-120j),(78.85714285714286+120j)
(12194.874864433159+0j),(76.21428571428571+0j),(77.92857142857143-120j),(79.35714285714286+120j)
(12229.699871329663+0j),(63.92307692307692+0j),(65.23076923076923-120j),(66.61538461538461+120j)
(12236.897716169176+0j),(63.85714285714285+0j),(65.14285714285714-120j),(66.42857142857143+120j)
(12251.150654408017+0j),(62.53846153846154+0j),(64.3076923076923-120j),(65.38461538461539+120j)
(12250.256501683425+0j),(64.73333333333333+0j),(66.33333333333333-120j),(66.93333333333334+120j)
(12254.13574563498+0j),(65.85714285714286+0j),(67.57142857142857-120j),(68.42857142857143+120j)
(12247.53745684424+0j),(67.28571428571429+0j),(69.5-120j),(70.21428571428571+120j)
(12258.262425416187+0j),(69.26666666666667+0j),(71.26666666666667-120j),(72.06666666666666+120j)
(12268.019644965492+0j),(68.5+0j),(70.75-120j),(71.25+120j)
(12272.234301930575+0j),(68.06666666666666+0j),(70.6-120j),(71.13333333333334+120j)
(12264.690258413164+0j),(68.93333333333334+0j),(71-120j),(71.46666666666667+120j)
(12271.935264098842+0j),(68.38461538461539+0j),(70-120j),(70.38461538461539+120j)
(12265.311597274294+0j),(67.64285714285714+0j),(69.71428571428571-120j),(69.78571428571429+120j)
(12281.77982638118+0j),(67.26666666666667+0j),(69-120j),(69.73333333333333+120j)
(12285.051477906585+0j),(67.25+0j),(68.83333333333333-120j),(69.66666666666667+120j)
(12292.818213670684+0j),(67.64285714285714+0j),(68.92857142857143-120j),(70+120j)
(12300.669542880818+0j),(67.46153846153847+0j),(68.76923076923077-120j),(69.76923076923077+120j)
(12300.09219261163+0j),(67.15384615384616+0j),(69.23076923076923-120j),(69.38461538461539+120j)
(12305.451187417953+0j),(65.8+0j),(68.2-120j),(68.2+120j)
(12306.182497758928+0j),(65.86666666666666+0j),(67.93333333333334-120j),(68.46666666666667+120j)
(12311.070730038065+0j),(65.66666666666667+0j),(67.4-120j),(68.66666666666667+120j)
(12322.675470448778+0j),(61.75+0j),(63.5-120j),(64.41666666666667+120j)
(12327.27206682271+0j),(60.84615384615385+0j),(62.23076923076923-120j),(63+120j)
(12339.78428342576+0j),(59.86666666666667+0j),(61.66666666666666-120j),(61.93333333333333+120j)
(12335.212219151179+0j),(60.21428571428572+0j),(62-120j),(62.71428571428572+120j)
(12328.083317970188+0j),(60.266666666666666+0j),(61.93333333333333-120j),(62.66666666666666+120j)
(12335.995765945081+0j),(59.5+0j),(61.42857142857143-120j),(61.92857142857143+120j)
(12343.666276664315+0j),(59+0j),(60.71428571428572-120j),(61.35714285714285+120j)
(12359.248389423983+0j),(58.61538461538461+0j),(60.07692307692308-120j),(60.53846153846154+120j)
(12362.171477500158+0j),(57+0j),(58.72727272727273-120j),(59.36363636363637+120j)
(12353.811145680074+0j),(58.142857142857146+0j),(60.07142857142857-120j),(60.142857142857146+120j)
(12355.213282048106+0j),(59+0j),(60.642857142857146-120j),(61.07142857142857+120j)
(12358.144021985994+0j),(59.266666666666666+0j),(61.333333333333336-120j),(61.333333333333336+120j)
(12350.058368930342+0j),(55.35714285714285+0j),(57.21428571428572-120j),(57.57142857142857+120j)
(12361.357938484482+0j),(53.642857142857146+0j),(55.42857142857143-120j),(55.71428571428572+120j)
(12367.997466580164+0j),(53.785714285714285+0j),(55.85714285714285-120j),(56.35714285714285+120j)
(12377.279482446364+0j),(53.69230769230769+0j),(55.46153846153846-120j),(55.61538461538461+120j)
(12376.503760546222+0j),(53.46666666666667+0j),(55.13333333333333-120j),(55.13333333333333+120j)
(12382.843616359325+0j),(52.35714285714285+0j),(54.35714285714285-120j),(54.42857142857143+120j)
(12384.856094440498+0j),(51.333333333333336+0j),(53.2-120j),(53.333333333333336+120j)
(12385.111778131139+0j),(47.5+0j),(48.785714285714285-120j),(49.42857142857143+120j)
(12390.28318697088+0j),(44.266666666666666+0j),(45.53333333333333-120j),(46.333333333333336+120j)
(12397.981190560078+0j),(45+0j),(46.266666666666666-120j),(47.4+120j)
(12406.17956438257+0j),(51.93333333333333+0j),(53.333333333333336-120j),(54.266666666666666+120j)
(12421.883491704528+0j),(53.93333333333333+0j),(55.53333333333333-120j),(56+120j)
(12430.582235760317+0j),(51.8+0j),(52.8-120j),(53.8+120j)
(12420.574831094364+0j),(50.6+0j),(51.6-120j),(52.6+120j)
(12413.0692775949+0j),(50.13333333333333+0j),(50.53333333333333-120j),(51.93333333333333+120j)
(12426.22736515843+0j),(50.57142857142857+0j),(51.57142857142857-120j),(53+120j)
(12435.0113371111+0j),(50.92857142857143+0j),(51.85714285714285-120j),(53.07142857142857+120j)
(12440.343896465542+0j),(48+0j),(49.07692307692308-120j),(50+120j)
(12452.867956151038+0j),(41.86666666666667+0j),(42.73333333333333-120j),(43.6+120j)
(12458.641458842934+0j),(40.92307692307692+0j),(42.23076923076923-120j),(43.07692307692308+120j)
(12469.211409925023+0j),(41+0j),(41.76923076923077-120j),(42.69230769230769+120j)
(12469.803564047268+0j),(43.06666666666667+0j),(43.53333333333333-120j),(44.8+120j)
(12463.748788147304+0j),(42.76923076923077+0j),(43.46153846153846-120j),(44.46153846153846+120j)
(12477.611539116308+0j),(42+0j),(42.85714285714285-120j),(43.71428571428572+120j)
(12479.159599178749+0j),(42.07692307692308+0j),(43.23076923076923-120j),(43.76923076923077+120j)
(12468.4976527241+0j),(42.07142857142857+0j),(43.42857142857143-120j),(44.35714285714285+120j)
(12466.9908319666+0j),(42.92307692307692+0j),(43.76923076923077-120j),(44.30769230769231+120j)
(12483.582990471927+0j),(42.06666666666667+0j),(43.46666666666667-120j),(44.06666666666667+120j)
(12480.802826867983+0j),(41.46153846153846+0j),(42.69230769230769-120j),(43.61538461538461+120j)
(12491.179270442262+0j),(41.57142857142857+0j),(43-120j),(43.142857142857146+120j)
(12430.227577737818+0j),(42.42857142857143+0j),(43.642857142857146-120j),(44.07142857142857+120j)
(12393.277160509679+0j),(42.71428571428572+0j),(43.85714285714285-120j),(44.85714285714285+120j)
(12404.906644503357+0j),(42.21428571428572+0j),(43.142857142857146-120j),(43.642857142857146+120j)
(12401.442542888219+0j),(41.785714285714285+0j),(43.21428571428572-120j),(43.642857142857146+120j)
(12429.081125060426+0j),(42.6+0j),(43.53333333333333-120j),(44.8+120j)
(12477.605194607853+0j),(43.76923076923077+0j),(44.15384615384615-120j),(45.69230769230769+120j)
(12473.22917564446+0j),(47.333333333333336+0j),(48.46666666666667-120j),(49.53333333333333+120j)
(12460.998972442123+0j),(48.833333333333336+0j),(49.91666666666666-120j),(50.91666666666666+120j)
(12472.320219066809+0j),(49.07692307692308+0j),(49.84615384615385-120j),(50.69230769230769+120j)
(12479.673504363414+0j),(48.5+0j),(49.71428571428572-120j),(50.142857142857146+120j)
(12489.612176854462+0j),(48.35714285714285+0j),(48.92857142857143-120j),(50.57142857142857+120j)
(12484.209827907047+0j),(42+0j),(42.42857142857143-120j),(43.71428571428572+120j)
(12398.996734879729+0j),(41.53846153846154+0j),(42.15384615384615-120j),(43.53846153846154+120j)
(12427.093390562215+0j),(41.21428571428572+0j),(42.42857142857143-120j),(43.57142857142857+120j)
(12435.325390279506+0j),(41.23076923076923+0j),(42.38461538461539-120j),(43.07692307692308+120j)
(12441.35944078519+0j),(42.13333333333333+0j),(43.13333333333333-120j),(44.266666666666666+120j)
(12443.754069758827+0j),(41.85714285714285+0j),(42.92857142857143-120j),(44.142857142857146+120j)
(12418.182528440493+0j),(41.69230769230769+0j),(42.69230769230769-120j),(43.69230769230769+120j)
(12392.576092325662+0j),(42.5+0j),(43.42857142857143-120j),(44.21428571428572+120j)
(12393.089997510328+0j),(42.53846153846154+0j),(43.61538461538461-120j),(44.53846153846154+120j)
(12397.788740470349+0j),(43.6+0j),(44.8-120j),(45.53333333333333+120j)
(12409.833155316826+0j),(42.15384615384615+0j),(42.92307692307692-120j),(44+120j)
(12379.366825727282+0j),(42.53846153846154+0j),(43.53846153846154-120j),(44.76923076923077+120j)
(12356.326743281545+0j),(42.642857142857146+0j),(43.35714285714285-120j),(44.85714285714285+120j)
(12355.064820550315+0j),(43.66666666666666+0j),(44.4-120j),(45.6+120j)
(12370.973041044446+0j),(43.15384615384615+0j),(43.76923076923077-120j),(44.76923076923077+120j)
(12374.03743862707+0j),(42.23076923076923+0j),(43.23076923076923-120j),(44.30769230769231+120j)
(12362.685844103617+0j),(42.333333333333336+0j),(43.86666666666667-120j),(44.46666666666667+120j)
(12363.419903731587+0j),(42.5+0j),(43.85714285714285-120j),(45.07142857142857+120j)
(12364.292802352864+0j),(43.75+0j),(44.333333333333336-120j),(46+120j)
(12385.441692570677+0j),(43.07142857142857+0j),(43.71428571428572-120j),(45.285714285714285+120j)
(12385.317974655853+0j),(42.15384615384615+0j),(42.46153846153846-120j),(44.15384615384615+120j)
(12404.101103413486+0j),(42.4+0j),(43.13333333333333-120j),(44.4+120j)
(12403.84129579235+0j),(43.333333333333336+0j),(44.16666666666666-120j),(45.66666666666666+120j)
(12403.831673287865+0j),(43.2+0j),(43.93333333333333-120j),(45.2+120j)
(12400.947671228912+0j),(42.5+0j),(43.142857142857146-120j),(44.642857142857146+120j)
(12399.751731385591+0j),(42.35714285714285+0j),(43.285714285714285-120j),(44.642857142857146+120j)
(12405.690191297257+0j),(43.35714285714285+0j),(44.57142857142857-120j),(45.35714285714285+120j)
(12403.408283090459+0j),(43.53333333333333+0j),(44.4-120j),(45.2+120j)
(12405.910134256947+0j),(42.73333333333333+0j),(43.53333333333333-120j),(45.06666666666667+120j)
(12400.205363739955+0j),(42.142857142857146+0j),(43.142857142857146-120j),(44.92857142857143+120j)
(12394.555578962885+0j),(42.76923076923077+0j),(43.38461538461539-120j),(45+120j)
(12396.287629770453+0j),(42.73333333333333+0j),(43.6-120j),(45.266666666666666+120j)
(12408.741899862973+0j),(42.57142857142857+0j),(43.71428571428572-120j),(45.285714285714285+120j)
(12410.680147195253+0j),(42.5+0j),(43.57142857142857-120j),(44.42857142857143+120j)
(12421.278648565376+0j),(42.142857142857146+0j),(43.57142857142857-120j),(44.57142857142857+120j)
(12413.685117882034+0j),(42.66666666666666+0j),(44-120j),(45.13333333333333+120j)
(12396.658783514933+0j),(43+0j),(43.92857142857143-120j),(45.57142857142857+120j)
(12402.90495208655+0j),(42.30769230769231+0j),(43.30769230769231-120j),(44.84615384615385+120j)
(12396.941960075534+0j),(41.86666666666667+0j),(42.46666666666667-120j),(43.93333333333333+120j)
(12394.638057572769+0j),(41.85714285714285+0j),(42.785714285714285-120j),(44.07142857142857+120j)
(12388.382372238473+0j),(42.30769230769231+0j),(43.30769230769231-120j),(44.61538461538461+120j)
(12390.28318697088+0j),(42.8+0j),(43.46666666666667-120j),(45+120j)
(12395.488221705422+0j),(42.76923076923077+0j),(43.46153846153846-120j),(45+120j)
(12384.894584458445+0j),(42.53333333333333+0j),(43.66666666666666-120j),(44.86666666666667+120j)
(12377.31754949708+0j),(41.57142857142857+0j),(42.642857142857146-120j),(43.92857142857143+120j)
(12377.606224631674+0j),(42.642857142857146+0j),(43.71428571428572-120j),(44.785714285714285+120j)
(12383.497100729945+0j),(42.30769230769231+0j),(43.15384615384615-120j),(44.46153846153846+120j)
(12384.918270623337+0j),(41.61538461538461+0j),(42.61538461538461-120j),(43.84615384615385+120j)
(12381.12256269974+0j),(42.06666666666667+0j),(43.13333333333333-120j),(44.13333333333333+120j)
(12383.420966628511+0j),(42.142857142857146+0j),(42.85714285714285-120j),(44+120j)
(12397.403840290888+0j),(42.46666666666667+0j),(43.46666666666667-120j),(45.2+120j)
(12396.658783514933+0j),(41.785714285714285+0j),(42.642857142857146-120j),(44.07142857142857+120j)
(12394.060707303579+0j),(41.71428571428572+0j),(42.42857142857143-120j),(44+120j)
(12386.049284996823+0j),(41.93333333333333+0j),(42.73333333333333-120j),(44+120j)
(12394.555578962885+0j),(42.53333333333333+0j),(43.53333333333333-120j),(44.73333333333333+120j)
(12384.509684278986+0j),(42.66666666666666+0j),(43.66666666666666-120j),(44.93333333333333+120j)
(12382.472462614845+0j),(41.57142857142857+0j),(42.642857142857146-120j),(44.142857142857146+120j)
(12370.218044538586+0j),(41.76923076923077+0j),(42.84615384615385-120j),(43.92307692307692+120j)
(12380.740411807275+0j),(42.142857142857146+0j),(43.42857142857143-120j),(44.5+120j)
(12379.66818987878+0j),(42.57142857142857+0j),(44.07142857142857-120j),(45.142857142857146+120j)
(12377.850911174331+0j),(41.93333333333333+0j),(42.4-120j),(44.333333333333336+120j)
(12378.813161622982+0j),(41.8+0j),(42.4-120j),(43.86666666666667+120j)
(12376.369045483412+0j),(41.142857142857146+0j),(42.07142857142857-120j),(43.42857142857143+120j)
(12373.523533442405+0j),(41.92857142857143+0j),(43.07142857142857-120j),(44.07142857142857+120j)
(12372.654758751625+0j),(42.4+0j),(43.2-120j),(44.6+120j)
(12387.716198850947+0j),(41.61538461538461+0j),(42.23076923076923-120j),(43.69230769230769+120j)
(12390.913831111075+0j),(41.53846153846154+0j),(42.38461538461539-120j),(43.92307692307692+120j)
(12379.890882125468+0j),(42+0j),(42.66666666666666-120j),(43.93333333333333+120j)
(12367.337637701088+0j),(41.92857142857143+0j),(42.5-120j),(44+120j)
(12366.443062009266+0j),(40.46153846153846+0j),(41.61538461538461-120j),(43.15384615384615+120j)
(12367.708791445568+0j),(41.57142857142857+0j),(42.35714285714285-120j),(43.642857142857146+120j)
(12378.760925170056+0j),(41.21428571428572+0j),(41.92857142857143-120j),(43.285714285714285+120j)
(12386.318715122447+0j),(42.06666666666667+0j),(42.6-120j),(44.13333333333333+120j)
(12391.380152482343+0j),(41.642857142857146+0j),(42.57142857142857-120j),(44+120j)
(12399.09740108051+0j),(41.266666666666666+0j),(42.333333333333336-120j),(43.73333333333333+120j)
(12405.566473382429+0j),(41+0j),(41.85714285714285-120j),(43.285714285714285+120j)
(12398.064092137192+0j),(40.76923076923077+0j),(41.84615384615385-120j),(43.38461538461539+120j)
(12399.790221403537+0j),(41.13333333333333+0j),(42.13333333333333-120j),(43.6+120j)
(12393.131448298884+0j),(41.46666666666667+0j),(42.53333333333333-120j),(44.06666666666667+120j)
(12383.585923848283+0j),(41.13333333333333+0j),(41.46666666666667-120j),(43.266666666666666+120j)
(12374.656239684817+0j),(41.6+0j),(42.53333333333333-120j),(43.8+120j)
(12366.665119805111+0j),(42.61538461538461+0j),(43.53846153846154-120j),(44.69230769230769+120j)
(12358.842340883011+0j),(43.142857142857146+0j),(44.5-120j),(45.5+120j)
(12355.141800586207+0j),(43.53333333333333+0j),(44-120j),(45.6+120j)
(12363.337425121705+0j),(42.92857142857143+0j),(43.5-120j),(45.142857142857146+120j)
(12357.99006191421+0j),(43.06666666666667+0j),(43.53333333333333-120j),(45.266666666666666+120j)
(12353.563709850421+0j),(42.92857142857143+0j),(43.785714285714285-120j),(44.85714285714285+120j)
(12347.713227122633+0j),(44.13333333333333+0j),(44.86666666666667-120j),(46+120j)
(12347.460292718988+0j),(43.07142857142857+0j),(44.142857142857146-120j),(45.142857142857146+120j)
(12340.151418981555+0j),(43+0j),(44.69230769230769-120j),(45.76923076923077+120j)
(12345.480806081767+0j),(43.46153846153846+0j),(44.46153846153846-120j),(45.61538461538461+120j)
(12338.016491887243+0j),(44.42857142857143+0j),(45.21428571428572-120j),(46.5+120j)
(12330.59341699766+0j),(44.35714285714285+0j),(45.21428571428572-120j),(46.71428571428572+120j)
(12324.388276247373+0j),(43.73333333333333+0j),(44.266666666666666-120j),(46+120j)
(12321.720621926657+0j),(43.38461538461539+0j),(44.30769230769231-120j),(45.84615384615385+120j)
(12317.932950380433+0j),(44.57142857142857+0j),(45.07142857142857-120j),(46.5+120j)
(12309.190217732707+0j),(45.285714285714285+0j),(45.92857142857143-120j),(47.142857142857146+120j)
(12310.185459625309+0j),(47.53333333333333+0j),(48.4-120j),(49.53333333333333+120j)
(12310.685829858605+0j),(51.66666666666666+0j),(52.86666666666667-120j),(54.13333333333333+120j)
(12293.827201998267+0j),(52.6+0j),(53.93333333333333-120j),(54.93333333333333+120j)
(12288.900479701184+0j),(51.785714285714285+0j),(53.35714285714285-120j),(53.785714285714285+120j)
(12295.674722859676+0j),(51.66666666666666+0j),(52.93333333333333-120j),(53.86666666666667+120j)
(12276.275753814904+0j),(51.73333333333333+0j),(52.93333333333333-120j),(53.73333333333333+120j)
(12289.044817268481+0j),(53.41666666666666+0j),(54.41666666666666-120j),(55.5+120j)
(12289.824240131886+0j),(55.86666666666667+0j),(57.13333333333333-120j),(57.66666666666666+120j)
(12286.013728355236+0j),(55.06666666666667+0j),(56.266666666666666-120j),(57.266666666666666+120j)
(12282.054755080791+0j),(55.42857142857143+0j),(56.642857142857146-120j),(57.21428571428572+120j)
(12275.37398768017+0j),(55.21428571428572+0j),(56.642857142857146-120j),(57.57142857142857+120j)
(12272.198561199626+0j),(55.42857142857143+0j),(57.285714285714285-120j),(57.85714285714285+120j)
(12269.078120459008+0j),(55.6+0j),(56.86666666666667-120j),(58+120j)
(12263.084674807418+0j),(55.35714285714285+0j),(56.285714285714285-120j),(57.71428571428572+120j)
(12250.718381898778+0j),(55.66666666666666+0j),(56.66666666666666-120j),(58+120j)
(12266.537779274571+0j),(55.2+0j),(56.266666666666666-120j),(57.8+120j)
(12271.118091410144+0j),(55.13333333333333+0j),(55.93333333333333-120j),(57.266666666666666+120j)
(12256.453394572727+0j),(54.66666666666666+0j),(56.2-120j),(57.2+120j)
(12258.069975326458+0j),(54.86666666666667+0j),(56.2-120j),(57.13333333333333+120j)
(12262.177410098691+0j),(55.35714285714285+0j),(56.57142857142857-120j),(57.57142857142857+120j)
(12248.568439467796+0j),(56.07142857142857+0j),(57.57142857142857-120j),(58.285714285714285+120j)
(12242.481518058337+0j),(55.8+0j),(57.06666666666667-120j),(58.13333333333333+120j)
(12243.867158704394+0j),(56+0j),(57.15384615384615-120j),(58.23076923076923+120j)
(12254.644363729267+0j),(56.66666666666666+0j),(58.06666666666667-120j),(59.13333333333333+120j)
(12255.620360612895+0j),(57.285714285714285+0j),(58.71428571428572-120j),(59.35714285714285+120j)
(12250.262423224647+0j),(58.61538461538461+0j),(60.38461538461539-120j),(60.61538461538461+120j)
(12252.950802939644+0j),(59.8+0j),(61.266666666666666-120j),(61.8+120j)
(12234.959468836894+0j),(59.07142857142857+0j),(60.57142857142857-120j),(61.21428571428572+120j)
(12237.73836353915+0j),(58.92307692307692+0j),(60.69230769230769-120j),(60.92307692307692+120j)
(12237.72250226802+0j),(58.5+0j),(60.42857142857143-120j),(60.92857142857143+120j)
(12230.794299037743+0j),(58.642857142857146+0j),(60.142857142857146-120j),(60.57142857142857+120j)
(12243.944138740286+0j),(57.86666666666667+0j),(59.4-120j),(59.8+120j)
(12234.274261924013+0j),(57.38461538461539+0j),(58.53846153846154-120j),(59.38461538461539+120j)
(12216.231325819183+0j),(57.4+0j),(59.13333333333333-120j),(59.86666666666667+120j)
(12204.648579704439+0j),(57.285714285714285+0j),(59.07142857142857-120j),(59.285714285714285+120j)
(12205.223180686633+0j),(57.46666666666667+0j),(59-120j),(59.333333333333336+120j)
(12213.473790962053+0j),(57+0j),(58.42857142857143-120j),(59.285714285714285+120j)
(12215.288320379506+0j),(57.42857142857143+0j),(59.142857142857146-120j),(59.642857142857146+120j)
(12212.236611813789+0j),(57.42857142857143+0j),(58.92857142857143-120j),(59+120j)
(12231.049982728382+0j),(56.86666666666667+0j),(58.266666666666666-120j),(58.93333333333333+120j)
(12233.268657334267+0j),(56.85714285714285+0j),(58-120j),(59+120j)
(12233.282403769252+0j),(56+0j),(57.53333333333333-120j),(58.06666666666667+120j)
(12231.434882907843+0j),(56.333333333333336+0j),(58.2-120j),(58.333333333333336+120j)
(12228.394171490108+0j),(56.8+0j),(58.46666666666667-120j),(58.73333333333333+120j)
(12215.247081074565+0j),(56.92857142857143+0j),(58.35714285714285-120j),(59.21428571428572+120j)
(12212.651754150207+0j),(57.06666666666667+0j),(58.333333333333336-120j),(59+120j)
(12223.082549013567+0j),(56.4+0j),(58.13333333333333-120j),(58.66666666666666+120j)
(12222.092805694958+0j),(56.71428571428572+0j),(58.142857142857146-120j),(59.142857142857146+120j)
(12211.824218764368+0j),(56.642857142857146+0j),(58.07142857142857-120j),(58.85714285714285+120j)
(12207.183210831266+0j),(57.07692307692308+0j),(58.61538461538461-120j),(59.38461538461539+120j)
(12203.741314995714+0j),(56.85714285714285+0j),(58.07142857142857-120j),(59.07142857142857+120j)
(12201.335688874093+0j),(56.8+0j),(58.46666666666667-120j),(59.2+120j)
(12203.876030058525+0j),(56.93333333333333+0j),(58.6-120j),(59.06666666666667+120j)
(12203.722069986741+0j),(57.6+0j),(58.93333333333333-120j),(59.13333333333333+120j)
(12207.849384218793+0j),(57.92307692307692+0j),(59.46153846153846-120j),(60.15384615384615+120j)
(12213.306084455287+0j),(57.86666666666667+0j),(60.06666666666667-120j),(59.86666666666667+120j)
(12212.566526253328+0j),(57.285714285714285+0j),(59-120j),(59.07142857142857+120j)
(12205.723550919933+0j),(57.06666666666667+0j),(58.53333333333333-120j),(58.93333333333333+120j)
