time,building,meter,avgVoltage,currentA,currentB,currentC,powerA,powerB,powerC
2022-08-10 19:55:00,NBN,NBN01,,,,,(80.27272727272727+47.18181818181818j),(73.27272727272727+52.81818181818182j),(227+145.8181818181818j)
2022-08-10 20:00:00,NBN,NBN01,,,,,(79.53333333333333+46.4j),(76.66666666666667+49.06666666666667j),(233.13333333333333+142.73333333333332j)
2022-08-10 20:05:00,NBN,NBN01,,,,,(78.26666666666667+46.13333333333333j),(75.2+49.266666666666666j),(228.53333333333333+142.6j)
2022-08-10 20:10:00,NBN,NBN01,,,,,(76.53333333333333+45.46666666666667j),(69.93333333333334+52.86666666666667j),(214.26666666666668+144.06666666666666j)
2022-08-10 20:15:00,NBN,NBN01,,,,,(75.73333333333333+45.13333333333333j),(70.13333333333334+52.4j),(213.86666666666667+143.53333333333333j)
2022-08-10 20:20:00,NBN,NBN01,,,,,(75.13333333333334+44.66666666666666j),(69.26666666666667+50.333333333333336j),(212.06666666666663+139.8j)
2022-08-10 20:25:00,NBN,NBN01,,,,,(77.33333333333333+47.333333333333336j),(73.26666666666667+52.93333333333333j),(221.53333333333333+149.06666666666666j)
2022-08-10 20:30:00,NBN,NBN01,,,,,(75.46666666666667+45.46666666666667j),(71.4+51.06666666666667j),(216.4+143.26666666666668j)
2022-08-10 20:35:00,NBN,NBN01,,,,,(77.2+46.93333333333333j),(71.86666666666666+52.13333333333333j),(220.13333333333333+146.06666666666666j)
2022-08-10 20:40:00,NBN,NBN01,,,,,(74.73333333333333+44.73333333333333j),(69.93333333333334+49.86666666666667j),(213+140.06666666666666j)
2022-08-10 20:45:00,NBN,NBN01,,,,,(76.4+46.06666666666667j),(72.8+52.06666666666667j),(218.9333333333333+146.26666666666668j)
2022-08-10 20:50:00,NBN,NBN01,,,,,(74.93333333333334+44.46666666666667j),(71.06666666666666+50.333333333333336j),(214.46666666666667+140.86666666666667j)
2022-08-10 20:55:00,NBN,NBN01,,,,,(76.2+46.333333333333336j),(72.33333333333333+51.66666666666666j),(219.06666666666663+146j)
2022-08-10 21:00:00,NBN,NBN01,,,,,(75.46666666666667+46.46666666666667j),(71.13333333333334+50.4j),(217.66666666666663+143.73333333333332j)
2022-08-10 21:05:00,NBN,NBN01,,,,,(75.46666666666667+47j),(72.53333333333333+52.53333333333333j),(218+149.8j)
2022-08-10 21:10:00,NBN,NBN01,,,,,(74.93333333333334+45.2j),(72.8+51.333333333333336j),(217.2+145.93333333333334j)
2022-08-10 21:15:00,NBN,NBN01,,,,,(73.46666666666667+45.13333333333333j),(71.46666666666667+50.333333333333336j),(213.2+144.26666666666668j)
2022-08-10 21:20:00,NBN,NBN01,,,,,(74.33333333333333+45.8j),(72.8+50.73333333333333j),(216.66666666666663+146.53333333333333j)
2022-08-10 21:25:00,NBN,NBN01,,,,,(76.33333333333333+45.13333333333333j),(74+49.266666666666666j),(222.2+143.06666666666666j)
2022-08-10 21:30:00,NBN,NBN01,,,,,(74.33333333333333+44.53333333333333j),(71.8+49.6j),(215.06666666666663+142.33333333333334j)
2022-08-10 21:35:00,NBN,NBN01,,,,,(74+43.86666666666667j),(71.53333333333333+48.73333333333333j),(214.06666666666663+140.06666666666666j)
2022-08-10 21:40:00,NBN,NBN01,,,,,(76.46666666666667+46.266666666666666j),(74.2+51.2j),(221.8+147.2j)
2022-08-10 21:45:00,NBN,NBN01,,,,,(74.13333333333334+44.6j),(71.26666666666667+49.8j),(213.8+142.13333333333333j)
2022-08-10 21:50:00,NBN,NBN01,,,,,(72.46666666666667+43.86666666666667j),(69.8+47.66666666666666j),(210.13333333333333+137.6j)
2022-08-10 21:55:00,NBN,NBN01,,,,,(70.6+42.93333333333333j),(68.33333333333333+47.06666666666667j),(204.6+136.13333333333333j)
2022-08-10 22:00:00,NBN,NBN01,,,,,(70+42.266666666666666j),(67.53333333333333+45.93333333333333j),(202.66666666666663+133.26666666666668j)
2022-08-10 22:05:00,NBN,NBN01,,,,,(68.6+40.93333333333333j),(65.73333333333333+44.46666666666667j),(197.9333333333333+128.4j)
2022-08-10 22:10:00,NBN,NBN01,,,,,(71.13333333333334+42j),(66.06666666666666+44.4j),(203.53333333333333+129j)
2022-08-10 22:15:00,NBN,NBN01,,,,,(68.4+40.13333333333333j),(65.2+43.8j),(197.13333333333333+126.53333333333332j)
2022-08-10 22:20:00,NBN,NBN01,,,,,(68.8+39.8j),(65.8+44.13333333333333j),(197.66666666666663+127.06666666666666j)
2022-08-10 22:25:00,NBN,NBN01,,,,,(70.53333333333333+40.46666666666667j),(68.13333333333334+45.06666666666667j),(203.3333333333333+129.73333333333332j)
2022-08-10 22:30:00,NBN,NBN01,,,,,(73.33333333333333+42j),(70.33333333333333+46.8j),(211.53333333333333+135j)
2022-08-10 22:35:00,NBN,NBN01,,,,,(72.93333333333334+42.13333333333333j),(70.06666666666666+46.333333333333336j),(210.9333333333333+134.2j)
2022-08-10 22:40:00,NBN,NBN01,,,,,(69.66666666666667+40.6j),(66.06666666666666+43.6j),(201.2+126.4j)
2022-08-10 22:45:00,NBN,NBN01,,,,,(69.4+39.86666666666667j),(66.93333333333334+43.73333333333333j),(201.8+127.46666666666668j)
2022-08-10 22:50:00,NBN,NBN01,,,,,(70.13333333333334+40.13333333333333j),(67.46666666666667+44.13333333333333j),(203.7333333333333+128.8j)
2022-08-10 22:55:00,NBN,NBN01,,,,,(70.2+40.4j),(67.33333333333333+44.266666666666666j),(203.86666666666667+128.86666666666667j)
2022-08-10 23:00:00,NBN,NBN01,,,,,(73.13333333333334+42.2j),(71.26666666666667+46.13333333333333j),(213.4+134.8j)
2022-08-10 23:05:00,NBN,NBN01,,,,,(74.53333333333333+41.06666666666667j),(72+46.333333333333336j),(215.9333333333333+133.46666666666667j)
2022-08-10 23:10:00,NBN,NBN01,,,,,(71.33333333333333+39.6j),(66.6+43.73333333333333j),(203.66666666666663+125.8j)
2022-08-10 23:15:00,NBN,NBN01,,,,,(70.93333333333334+39.6j),(66.6+43.4j),(203.6+125.13333333333334j)
2022-08-10 23:20:00,NBN,NBN01,,,,,(71.66666666666667+40.13333333333333j),(67.13333333333334+44j),(205.13333333333333+127.53333333333332j)
2022-08-10 23:25:00,NBN,NBN01,,,,,(71.6+40.86666666666667j),(67.66666666666667+44j),(206.3333333333333+128.26666666666668j)
2022-08-10 23:30:00,NBN,NBN01,,,,,(73.86666666666666+43.6j),(69.86666666666666+45.6j),(214.2+134.6j)
2022-08-10 23:35:00,NBN,NBN01,,,,,(70.53333333333333+41.6j),(66.93333333333334+42.86666666666667j),(205.46666666666667+127.46666666666668j)
2022-08-10 23:40:00,NBN,NBN01,,,,,(69.2+40.266666666666666j),(65.53333333333333+42.2j),(201.06666666666663+124.6j)
2022-08-10 23:45:00,NBN,NBN01,,,,,(69.53333333333333+40.53333333333333j),(65.73333333333333+43.06666666666667j),(201.13333333333333+125.86666666666666j)
2022-08-10 23:50:00,NBN,NBN01,,,,,(69.53333333333333+40.8j),(65.86666666666666+43.266666666666666j),(200.9333333333333+126.8j)
2022-08-10 23:55:00,NBN,NBN01,,,,,(70.6+41.266666666666666j),(66.33333333333333+43.73333333333333j),(203.66666666666663+127.4j)
2022-08-11 00:00:00,NBN,NBN01,,,,,(68.4+40.06666666666667j),(64.53333333333333+42.46666666666667j),(197.9333333333333+124.53333333333332j)
2022-08-11 00:05:00,NBN,NBN01,,,,,(69.4+40.8j),(64.53333333333333+43.4j),(199.6+126.73333333333332j)
2022-08-11 00:10:00,NBN,NBN01,,,,,(69.4+41.06666666666667j),(64.73333333333333+43.53333333333333j),(199.7333333333333+127.6j)
2022-08-11 00:15:00,NBN,NBN01,,,,,(68.73333333333333+40.86666666666667j),(64.26666666666667+43.333333333333336j),(197.7333333333333+127.06666666666666j)
2022-08-11 00:20:00,NBN,NBN01,,,,,(69.53333333333333+41.46666666666667j),(64.4+43.266666666666666j),(199.86666666666667+127.33333333333331j)
2022-08-11 00:25:00,NBN,NBN01,,,,,(69.46666666666667+41.06666666666667j),(64.06666666666666+43.2j),(199+126.53333333333332j)
2022-08-11 00:30:00,NBN,NBN01,,,,,(68.66666666666667+40.4j),(63.93333333333333+43j),(197.13333333333333+125.53333333333332j)
2022-08-11 00:35:00,NBN,NBN01,,,,,(68.53333333333333+40.4j),(63.73333333333333+43j),(196.6+125.73333333333332j)
2022-08-11 00:40:00,NBN,NBN01,,,,,(67.13333333333334+40.66666666666666j),(63.6+42.73333333333333j),(194.3333333333333+126.46666666666668j)
2022-08-11 00:45:00,NBN,NBN01,,,,,(65.8+40.46666666666667j),(63.6+42.2j),(192.9333333333333+126.66666666666669j)
2022-08-11 00:50:00,NBN,NBN01,,,,,(66.73333333333333+40.8j),(63.46666666666667+42.266666666666666j),(194.9333333333333+126.06666666666666j)
2022-08-11 00:55:00,NBN,NBN01,,,,,(64.8+40.266666666666666j),(62.4+42.06666666666667j),(190.13333333333333+125.93333333333334j)
2022-08-11 01:00:00,NBN,NBN01,,,,,(64.93333333333334+40.53333333333333j),(62.46666666666667+42.13333333333333j),(190.4+126.4j)
2022-08-11 01:05:00,NBN,NBN01,,,,,(64.93333333333334+40.53333333333333j),(62.13333333333333+42.266666666666666j),(189.8+126.26666666666668j)
2022-08-11 01:10:00,NBN,NBN01,,,,,(64.66666666666667+40.66666666666666j),(62.2+42.266666666666666j),(189.46666666666667+126.86666666666666j)
2022-08-11 01:15:00,NBN,NBN01,,,,,(64.4+40.06666666666667j),(62.13333333333333+41.86666666666667j),(188.9333333333333+125.33333333333331j)
2022-08-11 01:20:00,NBN,NBN01,,,,,(65.13333333333334+40.266666666666666j),(62.86666666666667+41.266666666666666j),(191.8+125.06666666666666j)
2022-08-11 01:25:00,NBN,NBN01,,,,,(64.2+39.93333333333333j),(62.266666666666666+42j),(188.6+125.46666666666668j)
2022-08-11 01:30:00,NBN,NBN01,,,,,(65.06666666666666+40.6j),(62.8+42.66666666666666j),(191+127.26666666666668j)
2022-08-11 01:35:00,NBN,NBN01,,,,,(65.53333333333333+40.86666666666667j),(63.06666666666667+43j),(192+128j)
2022-08-11 01:40:00,NBN,NBN01,,,,,(65.06666666666666+41.13333333333333j),(62.8+42.93333333333333j),(191.06666666666663+128.13333333333333j)
2022-08-11 01:45:00,NBN,NBN01,,,,,(65.6+41.6j),(63.46666666666667+43.53333333333333j),(192.6+130.46666666666667j)
2022-08-11 01:50:00,NBN,NBN01,,,,,(63.333333333333336+39.73333333333333j),(60.4+41.53333333333333j),(184.9333333333333+123.8j)
2022-08-11 01:55:00,NBN,NBN01,,,,,(65.86666666666666+41.8j),(63.4+43.8j),(193.2+130.93333333333334j)
2022-08-11 02:00:00,NBN,NBN01,,,,,(62.8+40.66666666666666j),(60.06666666666667+42.266666666666666j),(183.6+126.93333333333334j)
2022-08-11 02:05:00,NBN,NBN01,,,,,(65.46666666666667+42.2j),(63.13333333333333+44.2j),(192.26666666666668+131.73333333333332j)
2022-08-11 02:10:00,NBN,NBN01,,,,,(62.4+40.06666666666667j),(59.93333333333333+41.8j),(183.2+125j)
2022-08-11 02:15:00,NBN,NBN01,,,,,(64.73333333333333+41.73333333333333j),(62.2+43.6j),(189.8+130.66666666666666j)
2022-08-11 02:20:00,NBN,NBN01,,,,,(70+43.93333333333333j),(64.8+44.13333333333333j),(202.9333333333333+132.4j)
2022-08-11 02:25:00,NBN,NBN01,,,,,(67.4+41.93333333333333j),(63+44.53333333333333j),(194.13333333333333+130.73333333333332j)
2022-08-11 02:30:00,NBN,NBN01,,,,,(62.46666666666667+37.2j),(59+38.86666666666667j),(181.4+115.73333333333332j)
2022-08-11 02:35:00,NBN,NBN01,,,,,(64.6+38.73333333333333j),(62.46666666666667+40.8j),(189.4+122.53333333333332j)
2022-08-11 02:40:00,NBN,NBN01,,,,,(64.46666666666667+39j),(61.93333333333333+41.2j),(188.46666666666667+123.06666666666666j)
2022-08-11 02:45:00,NBN,NBN01,,,,,(63.53333333333333+38.46666666666667j),(61+40.333333333333336j),(185.66666666666663+120.86666666666666j)
2022-08-11 02:50:00,NBN,NBN01,,,,,(62.8+38.2j),(59.06666666666667+39.266666666666666j),(182.53333333333333+117.86666666666666j)
2022-08-11 02:55:00,NBN,NBN01,,,,,(63.73333333333333+38.6j),(61+40.333333333333336j),(186.13333333333333+120.86666666666666j)
2022-08-11 03:00:00,NBN,NBN01,,,,,(63.93333333333333+38.6j),(61.2+40.333333333333336j),(186.6+121j)
2022-08-11 03:05:00,NBN,NBN01,,,,,(61.53333333333333+37.06666666666667j),(58.2+38.6j),(178.46666666666667+115.73333333333332j)
2022-08-11 03:10:00,NBN,NBN01,,,,,(64.6+38.8j),(61.8+41j),(188.6+122.46666666666668j)
2022-08-11 03:15:00,NBN,NBN01,,,,,(64.66666666666667+39.06666666666667j),(62+41j),(188.86666666666667+122.66666666666669j)
2022-08-11 03:20:00,NBN,NBN01,,,,,(63+38.13333333333333j),(60.266666666666666+39.8j),(183.9333333333333+119.33333333333331j)
2022-08-11 03:25:00,NBN,NBN01,,,,,(64.26666666666667+39.4j),(60.86666666666667+40.8j),(187+122j)
2022-08-11 03:30:00,NBN,NBN01,,,,,(65.2+39.86666666666667j),(62.6+42j),(190.53333333333333+125.53333333333332j)
2022-08-11 03:35:00,NBN,NBN01,,,,,(65.13333333333334+40.06666666666667j),(62.333333333333336+41.73333333333333j),(190.2+125.13333333333334j)
2022-08-11 03:40:00,NBN,NBN01,,,,,(64.73333333333333+39.53333333333333j),(62.86666666666667+41.266666666666666j),(190.3333333333333+124.53333333333332j)
2022-08-11 03:45:00,NBN,NBN01,,,,,(64.73333333333333+39.73333333333333j),(62.4+41.53333333333333j),(189.86666666666667+124.86666666666666j)
2022-08-11 03:50:00,NBN,NBN01,,,,,(64.73333333333333+39.8j),(61.53333333333333+42j),(188.26666666666668+124.86666666666666j)
2022-08-11 03:55:00,NBN,NBN01,,,,,(65.2+40.266666666666666j),(61.2+41.8j),(189+125j)
2022-08-11 04:00:00,NBN,NBN01,,,,,(64.8+40.53333333333333j),(61.53333333333333+42.333333333333336j),(188.53333333333333+126.53333333333332j)
2022-08-11 04:05:00,NBN,NBN01,,,,,(61.66666666666666+38.93333333333333j),(59.06666666666667+40.73333333333333j),(180.53333333333333+121.8j)
2022-08-11 04:10:00,NBN,NBN01,,,,,(63+39.8j),(60.06666666666667+41.8j),(183.53333333333333+124.66666666666669j)
2022-08-11 04:15:00,NBN,NBN01,,,,,(64.46666666666667+40.53333333333333j),(61.46666666666667+42.73333333333333j),(187.66666666666663+127.33333333333331j)
2022-08-11 04:20:00,NBN,NBN01,,,,,(64.33333333333333+40.266666666666666j),(61.6+42.4j),(187.2+126.53333333333332j)
2022-08-11 04:25:00,NBN,NBN01,,,,,(61.53333333333333+38.2j),(58.333333333333336+40.13333333333333j),(178.93333333333334+119.33333333333331j)
2022-08-11 04:30:00,NBN,NBN01,,,,,(63+39.4j),(60.266666666666666+41.53333333333333j),(183.86666666666667+123.73333333333332j)
2022-08-11 04:35:00,NBN,NBN01,,,,,(63.53333333333333+39.66666666666666j),(60.93333333333333+42.06666666666667j),(185.06666666666663+125j)
2022-08-11 04:40:00,NBN,NBN01,,,,,(63.86666666666667+40.06666666666667j),(61.46666666666667+42j),(186.9333333333333+125.53333333333332j)
2022-08-11 04:45:00,NBN,NBN01,,,,,(63.73333333333333+40.4j),(61.4+42.333333333333336j),(186.53333333333333+126.4j)
2022-08-11 04:50:00,NBN,NBN01,,,,,(61.53333333333333+38.86666666666667j),(59.8+40.93333333333333j),(180.8+122.13333333333334j)
2022-08-11 04:55:00,NBN,NBN01,,,,,(64.06666666666666+40.86666666666667j),(62.66666666666666+42.53333333333333j),(189.4+128j)
2022-08-11 05:00:00,NBN,NBN01,,,,,(65.46666666666667+41.6j),(62.4+43.06666666666667j),(191.13333333333333+129.06666666666666j)
2022-08-11 05:05:00,NBN,NBN01,,,,,(63.66666666666666+40.4j),(61.4+42.66666666666666j),(186.86666666666667+126.8j)
2022-08-11 05:10:00,NBN,NBN01,,,,,(61.333333333333336+38.86666666666667j),(58.8+41j),(179.2+121.8j)
2022-08-11 05:15:00,NBN,NBN01,,,,,(64.53333333333333+40.6j),(61.93333333333333+42.93333333333333j),(188.4+127.8j)
2022-08-11 05:20:00,NBN,NBN01,,,,,(64.53333333333333+40.6j),(62.2+43.13333333333333j),(188.66666666666663+128.26666666666668j)
2022-08-11 05:25:00,NBN,NBN01,,,,,(61.333333333333336+38.4j),(59.06666666666667+40.73333333333333j),(179.46666666666667+121.2j)
2022-08-11 05:30:00,NBN,NBN01,,,,,(65.46666666666667+41.6j),(62.8+43.53333333333333j),(191.13333333333333+129.66666666666666j)
2022-08-11 05:35:00,NBN,NBN01,,,,,(63.93333333333333+40.93333333333333j),(61.86666666666667+43.06666666666667j),(187.7333333333333+128.53333333333333j)
2022-08-11 05:40:00,NBN,NBN01,,,,,(63.8+40.66666666666666j),(61.53333333333333+43.2j),(186.6+128.26666666666668j)
2022-08-11 05:45:00,NBN,NBN01,,,,,(62.2+39.66666666666666j),(59.73333333333333+42j),(181.66666666666663+124.66666666666669j)
2022-08-11 05:50:00,NBN,NBN01,,,,,(62.2+39.333333333333336j),(59.8+42j),(181.6+124.4j)
2022-08-11 05:55:00,NBN,NBN01,,,,,(63.06666666666667+40j),(61.13333333333333+42.53333333333333j),(185.06666666666663+126.53333333333332j)
2022-08-11 06:00:00,NBN,NBN01,,,,,(63.333333333333336+40j),(61+42.13333333333333j),(185.26666666666668+126.13333333333334j)
2022-08-11 06:05:00,NBN,NBN01,,,,,(60.86666666666667+38j),(57.06666666666667+40.333333333333336j),(175.8+118.66666666666669j)
2022-08-11 06:10:00,NBN,NBN01,,,,,(63.266666666666666+40.06666666666667j),(60.6+42.73333333333333j),(184.53333333333333+126.33333333333331j)
2022-08-11 06:15:00,NBN,NBN01,,,,,(62.73333333333333+39.6j),(60.2+42.2j),(182.86666666666667+124.73333333333332j)
2022-08-11 06:20:00,NBN,NBN01,,,,,(62.2+39.93333333333333j),(60+42.2j),(182+125.8j)
2022-08-11 06:25:00,NBN,NBN01,,,,,(64.4+41.4j),(62.06666666666667+43.86666666666667j),(188.2+130.13333333333333j)
2022-08-11 06:30:00,NBN,NBN01,,,,,(64.06666666666666+41.2j),(61.4+43.4j),(187.06666666666663+128.86666666666667j)
2022-08-11 06:35:00,NBN,NBN01,,,,,(62.66666666666666+40j),(59.46666666666667+41.86666666666667j),(182.13333333333333+124.33333333333331j)
2022-08-11 06:40:00,NBN,NBN01,,,,,(64+41j),(61.46666666666667+43.53333333333333j),(187.13333333333333+129.13333333333333j)
2022-08-11 06:45:00,NBN,NBN01,,,,,(63.73333333333333+40.73333333333333j),(61.13333333333333+43j),(185.9333333333333+128.26666666666668j)
2022-08-11 06:50:00,NBN,NBN01,,,,,(61.06666666666667+39.13333333333333j),(59.06666666666667+41.06666666666667j),(179.26666666666668+122.33333333333331j)
2022-08-11 06:55:00,NBN,NBN01,,,,,(63.53333333333333+40.6j),(61.8+42.6j),(187.13333333333333+127.93333333333334j)
2022-08-11 07:00:00,NBN,NBN01,,,,,(62.6+39.93333333333333j),(60+42.13333333333333j),(182.9333333333333+125j)
2022-08-11 07:05:00,NBN,NBN01,,,,,(62.93333333333333+40.266666666666666j),(59.73333333333333+41.86666666666667j),(183.06666666666663+124.93333333333334j)
2022-08-11 07:10:00,NBN,NBN01,,,,,(63.333333333333336+40.6j),(60.86666666666667+43j),(185.26666666666668+127.66666666666669j)
2022-08-11 07:15:00,NBN,NBN01,,,,,(60.53333333333333+38.6j),(57.86666666666667+40.6j),(176.66666666666666+120.66666666666669j)
2022-08-11 07:20:00,NBN,NBN01,,,,,(63.13333333333333+40.4j),(61+42.73333333333333j),(184.8+127.2j)
2022-08-11 07:25:00,NBN,NBN01,,,,,(61.6+38.66666666666666j),(59.8+41.333333333333336j),(180.26666666666668+122.66666666666669j)
2022-08-11 07:30:00,NBN,NBN01,,,,,(61.13333333333333+38.46666666666667j),(58.93333333333333+40.8j),(178.6+121.4j)
2022-08-11 07:35:00,NBN,NBN01,,,,,(62.8+39.8j),(60.53333333333333+42.2j),(183.66666666666663+125.4j)
2022-08-11 07:40:00,NBN,NBN01,,,,,(60.333333333333336+37.8j),(57.46666666666667+39.46666666666667j),(175.73333333333332+118j)
2022-08-11 07:45:00,NBN,NBN01,,,,,(63.06666666666667+39.66666666666666j),(61.73333333333333+42.06666666666667j),(185.53333333333333+125.8j)
2022-08-11 07:50:00,NBN,NBN01,,,,,(61.6+38.46666666666667j),(59.73333333333333+40.86666666666667j),(180.4+121.86666666666666j)
2022-08-11 07:55:00,NBN,NBN01,,,,,(63.333333333333336+40.06666666666667j),(61.266666666666666+42.73333333333333j),(185.53333333333333+126.8j)
2022-08-11 08:00:00,NBN,NBN01,,,,,(63.333333333333336+40j),(60.6+42.333333333333336j),(184.8+126j)
2022-08-11 08:05:00,NBN,NBN01,,,,,(62+39.266666666666666j),(59.8+41.4j),(181.66666666666663+123.26666666666668j)
2022-08-11 08:10:00,NBN,NBN01,,,,,(64.06666666666666+40.66666666666666j),(61.333333333333336+42.46666666666667j),(187.13333333333333+126.6j)
2022-08-11 08:15:00,NBN,NBN01,,,,,(61+38.4j),(58+40.13333333333333j),(178.13333333333333+119.73333333333332j)
2022-08-11 08:20:00,NBN,NBN01,,,,,(63.93333333333333+40.46666666666667j),(61.2+42.93333333333333j),(186.4+127.2j)
2022-08-11 08:25:00,NBN,NBN01,,,,,(64+40.266666666666666j),(61.6+42.86666666666667j),(186.7333333333333+127.13333333333334j)
2022-08-11 08:30:00,NBN,NBN01,,,,,(62.333333333333336+39.13333333333333j),(59.8+41.333333333333336j),(182.13333333333333+123.13333333333334j)
2022-08-11 08:35:00,NBN,NBN01,,,,,(63.266666666666666+39.6j),(61.13333333333333+41.86666666666667j),(185.46666666666667+124.93333333333334j)
2022-08-11 08:40:00,NBN,NBN01,,,,,(64.93333333333334+40.8j),(63.13333333333333+43.13333333333333j),(191.3333333333333+128.53333333333333j)
2022-08-11 08:45:00,NBN,NBN01,,,,,(66.13333333333334+42.06666666666667j),(62.93333333333333+43.93333333333333j),(192.86666666666667+130.46666666666667j)
2022-08-11 08:50:00,NBN,NBN01,,,,,(62.13333333333333+39.6j),(59.73333333333333+42j),(181.6+124.46666666666668j)
2022-08-11 08:55:00,NBN,NBN01,,,,,(63.6+40.4j),(61+42.86666666666667j),(185.7333333333333+126.93333333333334j)
2022-08-11 09:00:00,NBN,NBN01,,,,,(60.66666666666666+37.93333333333333j),(58.333333333333336+40.4j),(177.2+119.13333333333334j)
2022-08-11 09:05:00,NBN,NBN01,,,,,(62+38.8j),(59.13333333333333+41.13333333333333j),(180.6+121.33333333333331j)
2022-08-11 09:10:00,NBN,NBN01,,,,,(62.13333333333333+39.266666666666666j),(59.333333333333336+41.13333333333333j),(181.8+122.13333333333334j)
2022-08-11 09:15:00,NBN,NBN01,,,,,(60.86666666666667+37.86666666666667j),(57.46666666666667+39.46666666666667j),(176.93333333333334+117.06666666666666j)
2022-08-11 09:20:00,NBN,NBN01,,,,,(63.46666666666667+40.2j),(60.8+42.06666666666667j),(185.9333333333333+125.4j)
2022-08-11 09:25:00,NBN,NBN01,,,,,(62.53333333333333+39.266666666666666j),(59.53333333333333+41.4j),(182.8+123j)
2022-08-11 09:30:00,NBN,NBN01,,,,,(63.46666666666667+39.8j),(60.86666666666667+41.8j),(186+124.33333333333331j)
2022-08-11 09:35:00,NBN,NBN01,,,,,(64.26666666666667+40.46666666666667j),(62.333333333333336+42.2j),(189.3333333333333+127.06666666666666j)
2022-08-11 09:40:00,NBN,NBN01,,,,,(64.33333333333333+40j),(61.4+41.6j),(188.46666666666667+124.13333333333334j)
2022-08-11 09:45:00,NBN,NBN01,,,,,(62+38.2j),(59.333333333333336+40.73333333333333j),(180.53333333333333+120.66666666666669j)
2022-08-11 09:50:00,NBN,NBN01,,,,,(63.93333333333333+39.66666666666666j),(61.266666666666666+41.86666666666667j),(186.7333333333333+124.66666666666669j)
2022-08-11 09:55:00,NBN,NBN01,,,,,(63.06666666666667+38.93333333333333j),(60.13333333333333+41j),(183.7333333333333+121.93333333333334j)
2022-08-11 10:00:00,NBN,NBN01,,,,,(63.4+39.266666666666666j),(60.86666666666667+41.53333333333333j),(184.8+123.46666666666668j)
2022-08-11 10:05:00,NBN,NBN01,,,,,(69.6+43.86666666666667j),(67.13333333333334+46.266666666666666j),(203.4+137.6j)
2022-08-11 10:10:00,NBN,NBN01,,,,,(67.73333333333333+42.266666666666666j),(64.93333333333334+44.6j),(197.7333333333333+132.26666666666668j)
2022-08-11 10:15:00,NBN,NBN01,,,,,(69.93333333333334+43.53333333333333j),(67+45.93333333333333j),(203.9333333333333+136.2j)
2022-08-11 10:20:00,NBN,NBN01,,,,,(67.2+42.13333333333333j),(64.93333333333334+44.333333333333336j),(196.6+131.73333333333332j)
2022-08-11 10:25:00,NBN,NBN01,,,,,(66.66666666666667+42.06666666666667j),(64.13333333333334+44.13333333333333j),(194.7333333333333+131.53333333333333j)
2022-08-11 10:30:00,NBN,NBN01,,,,,(66.66666666666667+41.86666666666667j),(65.26666666666667+44j),(196.3333333333333+131.8j)
2022-08-11 10:35:00,NBN,NBN01,,,,,(65.4+40.2j),(62.46666666666667+42.6j),(189.9333333333333+126.73333333333332j)
2022-08-11 10:40:00,NBN,NBN01,,,,,(68.33333333333333+41.93333333333333j),(64.06666666666666+43.86666666666667j),(197.13333333333333+130.26666666666668j)
2022-08-11 10:45:00,NBN,NBN01,,,,,(64.26666666666667+39.13333333333333j),(60.66666666666666+41.6j),(185.3333333333333+123.4j)
2022-08-11 10:50:00,NBN,NBN01,,,,,(66.46666666666667+40.73333333333333j),(63.13333333333333+43j),(192.3333333333333+128j)
2022-08-11 10:55:00,NBN,NBN01,,,,,(66.93333333333334+41.13333333333333j),(63.266666666666666+43.8j),(192.8+129.33333333333334j)
2022-08-11 11:00:00,NBN,NBN01,,,,,(66.6+41.46666666666667j),(64.06666666666666+43.86666666666667j),(194.66666666666663+129.93333333333334j)
2022-08-11 11:05:00,NBN,NBN01,,,,,(66.93333333333334+41.333333333333336j),(64.73333333333333+43.6j),(195.9333333333333+130j)
2022-08-11 11:10:00,NBN,NBN01,,,,,(65+39.86666666666667j),(61.66666666666666+41.53333333333333j),(188.9333333333333+123j)
2022-08-11 11:15:00,NBN,NBN01,,,,,(67.33333333333333+41.93333333333333j),(65.2+44.46666666666667j),(197.2+131.73333333333332j)
2022-08-11 11:20:00,NBN,NBN01,,,,,(66.06666666666666+40.53333333333333j),(63.66666666666666+43.2j),(193.13333333333333+127.8j)
2022-08-11 11:25:00,NBN,NBN01,,,,,(65.46666666666667+40.53333333333333j),(63.66666666666666+42.13333333333333j),(192.53333333333333+127.2j)
2022-08-11 11:30:00,NBN,NBN01,,,,,(66.53333333333333+39.86666666666667j),(63.266666666666666+41.6j),(193.06666666666663+125.2j)
2022-08-11 11:35:00,NBN,NBN01,,,,,(64.4+38.53333333333333j),(60.2+40.2j),(185.86666666666667+119.66666666666669j)
2022-08-11 11:40:00,NBN,NBN01,,,,,(67.26666666666667+41.66666666666666j),(64.33333333333333+43.86666666666667j),(195.7333333333333+130.4j)
2022-08-11 11:45:00,NBN,NBN01,,,,,(64.8+39.266666666666666j),(61.73333333333333+41j),(187.86666666666667+122.46666666666668j)
2022-08-11 11:50:00,NBN,NBN01,,,,,(68+41.46666666666667j),(65+43.333333333333336j),(197.3333333333333+129.26666666666668j)
2022-08-11 11:55:00,NBN,NBN01,,,,,(67.13333333333334+41.46666666666667j),(64.46666666666667+43.266666666666666j),(195.6+129.13333333333333j)
2022-08-11 12:00:00,NBN,NBN01,,,,,(63.2+38.8j),(60.266666666666666+40.333333333333336j),(183.7333333333333+120j)
2022-08-11 12:05:00,NBN,NBN01,,,,,(64.6+39.2j),(62.2+41.8j),(187.46666666666667+123.26666666666668j)
2022-08-11 12:10:00,NBN,NBN01,,,,,(65.86666666666666+40.333333333333336j),(63.333333333333336+42.4j),(191.26666666666668+126.53333333333332j)
2022-08-11 12:15:00,NBN,NBN01,,,,,(65.93333333333334+39.4j),(62.4+42.2j),(189.86666666666667+124.2j)
2022-08-11 12:20:00,NBN,NBN01,,,,,(66.86666666666666+41.46666666666667j),(64.53333333333333+43.93333333333333j),(194.66666666666663+130.2j)
2022-08-11 12:25:00,NBN,NBN01,,,,,(66.46666666666667+40.86666666666667j),(62.86666666666667+42.4j),(192+126.13333333333334j)
2022-08-11 12:30:00,NBN,NBN01,,,,,(67.66666666666667+41.266666666666666j),(64+43.8j),(195+128.73333333333332j)
2022-08-11 12:35:00,NBN,NBN01,,,,,(66.26666666666667+40.6j),(63.66666666666666+42.86666666666667j),(193.06666666666663+127.4j)
2022-08-11 12:40:00,NBN,NBN01,,,,,(69.53333333333333+44j),(66.53333333333333+46.333333333333336j),(202.06666666666663+137.53333333333333j)
2022-08-11 12:45:00,NBN,NBN01,,,,,(65.53333333333333+40.86666666666667j),(62.2+43.46666666666667j),(189.53333333333333+127.4j)
2022-08-11 12:50:00,NBN,NBN01,,,,,(64.73333333333333+39.73333333333333j),(61.93333333333333+42.93333333333333j),(187.4+125.46666666666668j)
2022-08-11 12:55:00,NBN,NBN01,,,,,(63.6+38.333333333333336j),(60.333333333333336+41.46666666666667j),(182.86666666666667+119.86666666666666j)
2022-08-11 13:00:00,NBN,NBN01,,,,,(62.66666666666666+37.266666666666666j),(59.73333333333333+41.333333333333336j),(180.2+118.66666666666669j)
2022-08-11 13:05:00,NBN,NBN01,,,,,(65.6+40.06666666666667j),(62.333333333333336+44.66666666666666j),(188.46666666666667+128.33333333333334j)
2022-08-11 13:10:00,NBN,NBN01,,,,,(63.53333333333333+38.13333333333333j),(60+42.66666666666666j),(181.8+122.26666666666668j)
2022-08-11 13:15:00,NBN,NBN01,,,,,(60.6+35.46666666666667j),(55.66666666666666+39.2j),(171.33333333333334+112j)
2022-08-11 13:20:00,NBN,NBN01,,,,,(65.2+39.86666666666667j),(61.4+44.66666666666666j),(186.4+128j)
2022-08-11 13:25:00,NBN,NBN01,,,,,(64.93333333333334+39.266666666666666j),(60.6+43.8j),(184.86666666666667+125.6j)
2022-08-11 13:30:00,NBN,NBN01,,,,,(64.33333333333333+38.53333333333333j),(59.66666666666666+43.4j),(182.2+123.73333333333332j)
2022-08-11 13:35:00,NBN,NBN01,,,,,(63.13333333333333+38.73333333333333j),(58.86666666666667+43.86666666666667j),(178.93333333333334+124.93333333333334j)
2022-08-11 13:40:00,NBN,NBN01,,,,,(63.66666666666666+38.333333333333336j),(59.266666666666666+41.86666666666667j),(181.7333333333333+121.33333333333331j)
2022-08-11 13:45:00,NBN,NBN01,,,,,(68+41.06666666666667j),(64.06666666666666+45.8j),(194.8+131.6j)
2022-08-11 13:50:00,NBN,NBN01,,,,,(69.4+42.333333333333336j),(66.2+45.73333333333333j),(201.13333333333333+134.13333333333333j)
2022-08-11 13:55:00,NBN,NBN01,,,,,(65.6+38.73333333333333j),(62.8+42.66666666666666j),(189.53333333333333+123.53333333333332j)
2022-08-11 14:00:00,NBN,NBN01,,,,,(67.6+40.66666666666666j),(65.46666666666667+44.06666666666667j),(197.3333333333333+129.13333333333333j)
2022-08-11 14:05:00,NBN,NBN01,,,,,(67+40.13333333333333j),(64.8+43.8j),(195.26666666666668+127.93333333333334j)
2022-08-11 14:10:00,NBN,NBN01,,,,,(68.46666666666667+40.93333333333333j),(66.86666666666666+43.8j),(201.46666666666667+129.86666666666667j)
2022-08-11 14:15:00,NBN,NBN01,,,,,(69.93333333333334+42.73333333333333j),(64.86666666666666+47.06666666666667j),(199.9333333333333+134.86666666666667j)
2022-08-11 14:20:00,NBN,NBN01,,,,,(68.13333333333334+41j),(61.4+44.93333333333333j),(192.4+127.66666666666669j)
2022-08-11 14:25:00,NBN,NBN01,,,,,(65.66666666666667+38.13333333333333j),(58.13333333333333+43.73333333333333j),(182+120.86666666666666j)
2022-08-11 14:30:00,NBN,NBN01,,,,,(69.86666666666666+40.2j),(62.53333333333333+43.73333333333333j),(197+124.06666666666666j)
2022-08-11 14:35:00,NBN,NBN01,,,,,(65.73333333333333+37.86666666666667j),(59.53333333333333+41.86666666666667j),(185.46666666666667+118.93333333333334j)
2022-08-11 14:40:00,NBN,NBN01,,,,,(70.73333333333333+40.86666666666667j),(64+45.66666666666666j),(198.13333333333333+128.33333333333334j)
2022-08-11 14:45:00,NBN,NBN01,,,,,(69.46666666666667+41.266666666666666j),(65.26666666666667+45.86666666666667j),(198.46666666666667+130.86666666666667j)
2022-08-11 14:50:00,NBN,NBN01,,,,,(69.53333333333333+42.266666666666666j),(65.53333333333333+47.73333333333333j),(198.53333333333333+135.26666666666668j)
2022-08-11 14:55:00,NBN,NBN01,,,,,(66.86666666666666+39.53333333333333j),(61+45.53333333333333j),(187.06666666666663+126.4j)
2022-08-11 15:00:00,NBN,NBN01,,,,,(71.66666666666667+42.73333333333333j),(66.8+48.46666666666667j),(202.46666666666667+136.53333333333333j)
2022-08-11 15:05:00,NBN,NBN01,,,,,(71.8+43.8j),(65.93333333333334+49.8j),(201.53333333333333+139.13333333333333j)
2022-08-11 15:10:00,NBN,NBN01,,,,,(66.86666666666666+39.86666666666667j),(60.86666666666667+46.6j),(186+128.33333333333334j)
2022-08-11 15:15:00,NBN,NBN01,,,,,(72.06666666666666+43.73333333333333j),(67+48.13333333333333j),(204.66666666666663+137.33333333333334j)
2022-08-11 15:20:00,NBN,NBN01,,,,,(72.6+42.53333333333333j),(68.4+47.13333333333333j),(207.53333333333333+135.06666666666666j)
2022-08-11 15:25:00,NBN,NBN01,,,,,(72+40.13333333333333j),(65.8+45.53333333333333j),(202.8+126.93333333333334j)
2022-08-11 15:30:00,NBN,NBN01,,,,,(69.33333333333333+41.06666666666667j),(64.6+46.2j),(196.66666666666663+130.8j)
2022-08-11 15:35:00,NBN,NBN01,,,,,(72.93333333333334+43j),(67.93333333333334+47.2j),(208.26666666666668+134.8j)
2022-08-11 15:40:00,NBN,NBN01,,,,,(73.06666666666666+42.333333333333336j),(67.86666666666666+47.46666666666667j),(207.53333333333333+133.93333333333334j)
2022-08-11 15:45:00,NBN,NBN01,,,,,(71.13333333333334+42.93333333333333j),(65.2+50.6j),(198.46666666666667+139j)
2022-08-11 15:50:00,NBN,NBN01,,,,,(70.66666666666667+42.86666666666667j),(64.33333333333333+51.13333333333333j),(195.8+139.73333333333332j)
2022-08-11 15:55:00,NBN,NBN01,,,,,(70.53333333333333+42.333333333333336j),(63.6+50j),(195.53333333333333+135.86666666666667j)
2022-08-11 16:00:00,NBN,NBN01,,,,,(74.2+44.86666666666667j),(69.06666666666666+52.46666666666667j),(209+145.06666666666666j)
2022-08-11 16:05:00,NBN,NBN01,,,,,(74.6+45j),(69.93333333333334+52.4j),(211.06666666666663+146.06666666666666j)
2022-08-11 16:10:00,NBN,NBN01,,,,,(72+42.66666666666666j),(66.4+50.53333333333333j),(200.9333333333333+138.53333333333333j)
2022-08-11 16:15:00,NBN,NBN01,,,,,(75.73333333333333+46j),(70.4+51.13333333333333j),(214.6+145j)
2022-08-11 16:20:00,NBN,NBN01,,,,,(76.86666666666666+43.66666666666666j),(72.13333333333334+50.93333333333333j),(217.26666666666668+141.4j)
2022-08-11 16:25:00,NBN,NBN01,,,,,(74+44j),(68.13333333333334+49.53333333333333j),(208.46666666666667+138.86666666666667j)
2022-08-11 16:30:00,NBN,NBN01,,,,,(75.13333333333334+44.8j),(69.13333333333334+51.4j),(210.7333333333333+142.86666666666667j)
2022-08-11 16:35:00,NBN,NBN01,,,,,(72.8+44j),(65.66666666666667+50.333333333333336j),(202.4+139j)
2022-08-11 16:40:00,NBN,NBN01,,,,,(71.46666666666667+43.66666666666666j),(65+50.73333333333333j),(198.6+139.6j)
2022-08-11 16:45:00,NBN,NBN01,,,,,(72.6+43.53333333333333j),(66.2+51.6j),(201.13333333333333+141j)
2022-08-11 16:50:00,NBN,NBN01,,,,,(72.33333333333333+43.86666666666667j),(66.93333333333334+51.2j),(202.6+141.6j)
2022-08-11 16:55:00,NBN,NBN01,,,,,(71.8+43.53333333333333j),(64.13333333333334+51.93333333333333j),(196.6+140.13333333333333j)
2022-08-11 17:00:00,NBN,NBN01,,,,,(70.86666666666666+43j),(63.6+51.4j),(193.46666666666667+139.6j)
2022-08-11 17:05:00,NBN,NBN01,,,,,(71.33333333333333+42.93333333333333j),(64.06666666666666+51.93333333333333j),(194.6+140.26666666666668j)
2022-08-11 17:10:00,NBN,NBN01,,,,,(71.33333333333333+43.333333333333336j),(64.4+51.46666666666667j),(197.06666666666663+140.8j)
2022-08-11 17:15:00,NBN,NBN01,,,,,(70.4+41.46666666666667j),(62.53333333333333+50.13333333333333j),(191.8+134.26666666666668j)
2022-08-11 17:20:00,NBN,NBN01,,,,,(68.73333333333333+40.266666666666666j),(61.73333333333333+49.06666666666667j),(187.8+131.86666666666667j)
2022-08-11 17:25:00,NBN,NBN01,,,,,(70.06666666666666+41.46666666666667j),(63.46666666666667+51.86666666666667j),(191.7333333333333+138j)
2022-08-11 17:30:00,NBN,NBN01,,,,,(70.46666666666667+42.06666666666667j),(62.2+50.46666666666667j),(191.4+135.8j)
2022-08-11 17:35:00,NBN,NBN01,,,,,(73+43.333333333333336j),(67.8+49.4j),(205.86666666666667+138.33333333333334j)
2022-08-11 17:40:00,NBN,NBN01,,,,,(71.53333333333333+42.2j),(65.33333333333333+49.86666666666667j),(198.6+136.66666666666666j)
2022-08-11 17:45:00,NBN,NBN01,,,,,(71.06666666666666+42.266666666666666j),(63.6+50.86666666666667j),(194.53333333333333+137j)
2022-08-11 17:50:00,NBN,NBN01,,,,,(73.2+43.46666666666667j),(65+51.333333333333336j),(200.6+139j)
2022-08-11 17:55:00,NBN,NBN01,,,,,(70.33333333333333+41.46666666666667j),(63.333333333333336+50.6j),(192.6+135.66666666666666j)
2022-08-11 18:00:00,NBN,NBN01,,,,,(77.46666666666667+43.6j),(71.86666666666666+49.8j),(219.06666666666663+138.6j)
2022-08-11 18:05:00,NBN,NBN01,,,,,(70.73333333333333+41.333333333333336j),(63.86666666666667+51.4j),(193.6+137j)
2022-08-11 18:10:00,NBN,NBN01,,,,,(72.6+42.73333333333333j),(66.6+52.2j),(201.3333333333333+141j)
2022-08-11 18:15:00,NBN,NBN01,,,,,(73.86666666666666+43j),(65.73333333333333+51.53333333333333j),(202.66666666666663+138.8j)
2022-08-11 18:20:00,NBN,NBN01,,,,,(73.73333333333333+42.46666666666667j),(65.66666666666667+52.93333333333333j),(200.8+140.8j)
2022-08-11 18:25:00,NBN,NBN01,,,,,(73.46666666666667+43.13333333333333j),(66.06666666666666+53.13333333333333j),(201.13333333333333+142.13333333333333j)
2022-08-11 18:30:00,NBN,NBN01,,,,,(74.46666666666667+43.2j),(66.33333333333333+52.06666666666667j),(203.7333333333333+140.13333333333333j)
2022-08-11 18:35:00,NBN,NBN01,,,,,(77.26666666666667+46j),(70.4+53.73333333333333j),(215.66666666666663+148.33333333333334j)
2022-08-11 18:40:00,NBN,NBN01,,,,,(75.2+44.4j),(69+51.53333333333333j),(210.26666666666668+142.8j)
2022-08-11 18:45:00,NBN,NBN01,,,,,(75.73333333333333+45.4j),(68.46666666666667+52.333333333333336j),(210.86666666666667+144.73333333333332j)
2022-08-11 18:50:00,NBN,NBN01,,,,,(74.2+44.4j),(67.93333333333334+52.2j),(207.13333333333333+144.06666666666666j)
2022-08-11 18:55:00,NBN,NBN01,,,,,(69.6+41.6j),(63.2+49j),(193.66666666666663+134.86666666666667j)
2022-08-11 19:00:00,NBN,NBN01,,,,,(74.8+43.266666666666666j),(67.93333333333334+51.4j),(207.7333333333333+139.93333333333334j)
2022-08-11 19:05:00,NBN,NBN01,,,,,(73.46666666666667+44.53333333333333j),(67.73333333333333+52.266666666666666j),(205.8+144.26666666666668j)
2022-08-11 19:10:00,NBN,NBN01,,,,,(73.86666666666666+44.66666666666666j),(68.4+51.93333333333333j),(207.4+144.06666666666666j)
2022-08-11 19:15:00,NBN,NBN01,,,,,(76.46666666666667+46.13333333333333j),(69.33333333333333+53j),(213.3333333333333+146.33333333333334j)
2022-08-11 19:20:00,NBN,NBN01,,,,,(76.26666666666667+45.8j),(69.53333333333333+53.266666666666666j),(212.3333333333333+146.93333333333334j)
2022-08-11 19:25:00,NBN,NBN01,,,,,(72.93333333333334+43.8j),(66.33333333333333+50.46666666666667j),(203.06666666666663+139.66666666666666j)
2022-08-11 19:30:00,NBN,NBN01,,,,,(73.06666666666666+43.93333333333333j),(67.46666666666667+49.73333333333333j),(206.06666666666663+139.6j)
2022-08-11 19:35:00,NBN,NBN01,,,,,(74.13333333333334+44.2j),(68.4+48.66666666666666j),(210.53333333333333+138.33333333333334j)
2022-08-11 19:40:00,NBN,NBN01,,,,,(74.26666666666667+44j),(69.66666666666667+47.6j),(213.53333333333333+137.46666666666667j)
2022-08-11 19:45:00,NBN,NBN01,,,,,(76+45.13333333333333j),(72.13333333333334+48.73333333333333j),(220.06666666666663+141.06666666666666j)
2022-08-11 19:50:00,NBN,NBN01,,,,,(76.6+45.46666666666667j),(73.33333333333333+48.266666666666666j),(223.26666666666668+141.93333333333334j)
2022-08-11 19:55:00,NBN,NBN01,,,,,(75.73333333333333+44.266666666666666j),(72.13333333333334+46.93333333333333j),(220.46666666666667+137.6j)
2022-08-11 20:00:00,NBN,NBN01,,,,,(70.8+43.2j),(65.13333333333334+50.4j),(198.66666666666663+139.73333333333332j)
2022-08-11 20:05:00,NBN,NBN01,,,,,(72.13333333333334+43.13333333333333j),(66.33333333333333+49.86666666666667j),(202.86666666666667+138.66666666666666j)
2022-08-11 20:10:00,NBN,NBN01,,,,,(77.46666666666667+45.66666666666666j),(72+49.93333333333333j),(221.46666666666667+142.33333333333334j)
2022-08-11 20:15:00,NBN,NBN01,,,,,(72.66666666666667+43.266666666666666j),(68.93333333333334+48.8j),(208+138.73333333333332j)
2022-08-11 20:20:00,NBN,NBN01,,,,,(73.46666666666667+43.73333333333333j),(68+50.53333333333333j),(206.86666666666667+140.33333333333334j)
2022-08-11 20:25:00,NBN,NBN01,,,,,(77.86666666666666+44.4j),(70.13333333333334+51.266666666666666j),(216.9333333333333+140.8j)
2022-08-11 20:30:00,NBN,NBN01,,,,,(74.06666666666666+42.86666666666667j),(69.26666666666667+49.66666666666666j),(209.66666666666663+138.33333333333334j)
2022-08-11 20:35:00,NBN,NBN01,,,,,(74.73333333333333+43.66666666666666j),(69.33333333333333+51.2j),(210.46666666666667+141.46666666666667j)
2022-08-11 20:40:00,NBN,NBN01,,,,,(73.46666666666667+43.333333333333336j),(66.2+50.73333333333333j),(204.26666666666668+138.73333333333332j)
2022-08-11 20:45:00,NBN,NBN01,,,,,(74.26666666666667+43.66666666666666j),(69+51.46666666666667j),(208.8+142.13333333333333j)
2022-08-11 20:50:00,NBN,NBN01,,,,,(72.86666666666666+42.73333333333333j),(67.13333333333334+51.2j),(203.06666666666663+139.86666666666667j)
2022-08-11 20:55:00,NBN,NBN01,,,,,(74.06666666666666+42.333333333333336j),(69.6+51.4j),(208.26666666666668+140.53333333333333j)
2022-08-11 21:00:00,NBN,NBN01,,,,,(74.86666666666666+42.93333333333333j),(70.2+51.53333333333333j),(210.8+141.4j)
2022-08-11 21:05:00,NBN,NBN01,,,,,(75.06666666666666+43.46666666666667j),(71.66666666666667+51.8j),(213.4+143.93333333333334j)
2022-08-11 21:10:00,NBN,NBN01,,,,,(76.6+44.2j),(72.46666666666667+53.13333333333333j),(215.53333333333333+146.6j)
2022-08-11 21:15:00,NBN,NBN01,,,,,(75.4+42.6j),(71.93333333333334+51.6j),(212.8+142.93333333333334j)
2022-08-11 21:20:00,NBN,NBN01,,,,,(76.13333333333334+43.333333333333336j),(72.33333333333333+50.13333333333333j),(216.13333333333333+141.06666666666666j)
2022-08-11 21:25:00,NBN,NBN01,,,,,(73.66666666666667+42.46666666666667j),(70.13333333333334+50.4j),(208.53333333333333+140.53333333333333j)
2022-08-11 21:30:00,NBN,NBN01,,,,,(74.4+43.53333333333333j),(71.2+51j),(211.13333333333333+143.6j)
2022-08-11 21:35:00,NBN,NBN01,,,,,(72.46666666666667+42.53333333333333j),(69+49.86666666666667j),(205.53333333333333+139.8j)
2022-08-11 21:40:00,NBN,NBN01,,,,,(72.33333333333333+42.06666666666667j),(68.4+48.4j),(205.46666666666667+136.73333333333332j)
2022-08-11 21:45:00,NBN,NBN01,,,,,(74.66666666666667+44.8j),(72.93333333333334+51.66666666666666j),(215.6+146.8j)
2022-08-11 21:50:00,NBN,NBN01,,,,,(71+42.66666666666666j),(69.33333333333333+49.93333333333333j),(204.86666666666667+140.66666666666666j)
2022-08-11 21:55:00,NBN,NBN01,,,,,(72.8+43.2j),(70.46666666666667+50j),(209.26666666666668+141.13333333333333j)
2022-08-11 22:00:00,NBN,NBN01,,,,,(67.86666666666666+40j),(66.66666666666667+46.53333333333333j),(195.86666666666667+131.4j)
2022-08-11 22:05:00,NBN,NBN01,,,,,(66.66666666666667+39.66666666666666j),(65.33333333333333+46j),(192.86666666666667+130.46666666666667j)
2022-08-11 22:10:00,NBN,NBN01,,,,,(66.06666666666666+39.06666666666667j),(64.53333333333333+45.333333333333336j),(190.86666666666667+128.26666666666668j)
2022-08-11 22:15:00,NBN,NBN01,,,,,(69.46666666666667+41.06666666666667j),(67.86666666666666+47.53333333333333j),(200.7333333333333+134.73333333333332j)
2022-08-11 22:20:00,NBN,NBN01,,,,,(70.2+41.06666666666667j),(66.33333333333333+46.06666666666667j),(200.13333333333333+131.33333333333334j)
2022-08-11 22:25:00,NBN,NBN01,,,,,(69.13333333333334+41.266666666666666j),(65.8+45.4j),(198.8+130.86666666666667j)
2022-08-11 22:30:00,NBN,NBN01,,,,,(66.86666666666666+41.06666666666667j),(65.66666666666667+45.2j),(195.2+130.73333333333332j)
2022-08-11 22:35:00,NBN,NBN01,,,,,(65.4+40.46666666666667j),(64.33333333333333+44.6j),(191.3333333333333+129.2j)
2022-08-11 22:40:00,NBN,NBN01,,,,,(67.13333333333334+41.46666666666667j),(65.26666666666667+45.13333333333333j),(195.4+130.86666666666667j)
2022-08-11 22:45:00,NBN,NBN01,,,,,(68+41.4j),(66.13333333333334+45.4j),(197.46666666666667+131.13333333333333j)
2022-08-11 22:50:00,NBN,NBN01,,,,,(68.93333333333334+41.8j),(66.13333333333334+45.13333333333333j),(200.26666666666668+131j)
2022-08-11 22:55:00,NBN,NBN01,,,,,(67+40.6j),(65.33333333333333+44j),(195.3333333333333+128.4j)
2022-08-11 23:00:00,NBN,NBN01,,,,,(66.53333333333333+40.53333333333333j),(65.33333333333333+44.13333333333333j),(194.2+128.86666666666667j)
2022-08-11 23:05:00,NBN,NBN01,,,,,(67.86666666666666+41.93333333333333j),(66.66666666666667+45.2j),(198.7333333333333+132.13333333333333j)
2022-08-11 23:10:00,NBN,NBN01,,,,,(67.8+42.06666666666667j),(66.66666666666667+45.4j),(199.06666666666663+133j)
2022-08-11 23:15:00,NBN,NBN01,,,,,(67.6+41.93333333333333j),(66.33333333333333+44.93333333333333j),(197.7333333333333+131.86666666666667j)
2022-08-11 23:20:00,NBN,NBN01,,,,,(66.4+40.8j),(65.4+43.6j),(194.6+128.53333333333333j)
2022-08-11 23:25:00,NBN,NBN01,,,,,(67.33333333333333+41.73333333333333j),(65.86666666666666+44.06666666666667j),(197.3333333333333+129.6j)
2022-08-11 23:30:00,NBN,NBN01,,,,,(66.73333333333333+41.73333333333333j),(66.2+44.66666666666666j),(196.53333333333333+131.33333333333334j)
2022-08-11 23:35:00,NBN,NBN01,,,,,(65.53333333333333+41.4j),(65.4+43.13333333333333j),(193.8+128.66666666666666j)
2022-08-11 23:40:00,NBN,NBN01,,,,,(65.46666666666667+41.2j),(65.33333333333333+42.333333333333336j),(194.4+127.2j)
2022-08-11 23:45:00,NBN,NBN01,,,,,(65.93333333333334+41.266666666666666j),(64.6+42.06666666666667j),(195.06666666666663+126.13333333333334j)
2022-08-11 23:50:00,NBN,NBN01,,,,,(66.33333333333333+41.73333333333333j),(65+42.86666666666667j),(195.8+127.8j)
2022-08-11 23:55:00,NBN,NBN01,,,,,(67.6+42.266666666666666j),(66.46666666666667+43.6j),(199.4+129.93333333333334j)
2022-08-12 00:00:00,NBN,NBN01,,,,,(67.73333333333333+41.8j),(66.13333333333334+43.8j),(198.6+129.33333333333334j)
2022-08-12 00:05:00,NBN,NBN01,,,,,(69.06666666666666+41j),(67.46666666666667+44.333333333333336j),(201.86666666666667+128.66666666666666j)
2022-08-12 00:10:00,NBN,NBN01,,,,,(68.13333333333334+41.46666666666667j),(66.33333333333333+44.2j),(199.2+128.33333333333334j)
2022-08-12 00:15:00,NBN,NBN01,,,,,(69.33333333333333+42.53333333333333j),(66.2+44.53333333333333j),(201.3333333333333+130.06666666666666j)
2022-08-12 00:20:00,NBN,NBN01,,,,,(69.46666666666667+41.4j),(67.86666666666666+44.73333333333333j),(202.86666666666667+129.53333333333333j)
2022-08-12 00:25:00,NBN,NBN01,,,,,(71.33333333333333+41.46666666666667j),(68.53333333333333+46.13333333333333j),(205.86666666666667+131.2j)
2022-08-12 00:30:00,NBN,NBN01,,,,,(70.4+43.06666666666667j),(67.4+46.86666666666667j),(203.8+134.2j)
2022-08-12 00:35:00,NBN,NBN01,,,,,(70.13333333333334+42.93333333333333j),(66.46666666666667+47j),(202.13333333333333+134.6j)
2022-08-12 00:40:00,NBN,NBN01,,,,,(66.93333333333334+40.93333333333333j),(63.2+44.4j),(193+127.73333333333332j)
2022-08-12 00:45:00,NBN,NBN01,,,,,(69.13333333333334+42.73333333333333j),(67+46.53333333333333j),(201.4+135.06666666666666j)
2022-08-12 00:50:00,NBN,NBN01,,,,,(65.53333333333333+40.73333333333333j),(62.86666666666667+44.4j),(190+128j)
2022-08-12 00:55:00,NBN,NBN01,,,,,(68.66666666666667+42.8j),(65.73333333333333+46.73333333333333j),(198.66666666666663+134.86666666666667j)
2022-08-12 01:00:00,NBN,NBN01,,,,,(67.53333333333333+42.13333333333333j),(64.6+46j),(195.6+132.73333333333332j)
2022-08-12 01:05:00,NBN,NBN01,,,,,(63.13333333333333+40.6j),(61.13333333333333+43.266666666666666j),(184.3333333333333+127j)
2022-08-12 01:10:00,NBN,NBN01,,,,,(65.66666666666667+42.93333333333333j),(63.13333333333333+45j),(192+132.4j)
2022-08-12 01:15:00,NBN,NBN01,,,,,(65.53333333333333+42.86666666666667j),(64.46666666666667+45.13333333333333j),(193.2+133.53333333333333j)
2022-08-12 01:20:00,NBN,NBN01,,,,,(62.266666666666666+40.6j),(61.06666666666667+43.06666666666667j),(182.7333333333333+126.73333333333332j)
2022-08-12 01:25:00,NBN,NBN01,,,,,(65.6+42.8j),(64.33333333333333+45.2j),(193+134.06666666666666j)
2022-08-12 01:30:00,NBN,NBN01,,,,,(62.66666666666666+41.46666666666667j),(60.86666666666667+42.73333333333333j),(184.7333333333333+127.13333333333334j)
2022-08-12 01:35:00,NBN,NBN01,,,,,(66.2+43.2j),(62.06666666666667+42.13333333333333j),(193.9333333333333+127.33333333333331j)
2022-08-12 01:40:00,NBN,NBN01,,,,,(65.53333333333333+42.06666666666667j),(62.93333333333333+43.66666666666666j),(191.9333333333333+129.13333333333333j)
2022-08-12 01:45:00,NBN,NBN01,,,,,(63.333333333333336+38.73333333333333j),(61.266666666666666+40.333333333333336j),(186.06666666666663+119.66666666666669j)
2022-08-12 01:50:00,NBN,NBN01,,,,,(62.266666666666666+38.73333333333333j),(61.4+39.86666666666667j),(185+120.06666666666666j)
2022-08-12 01:55:00,NBN,NBN01,,,,,(63.266666666666666+39.4j),(62.46666666666667+41j),(187.66666666666663+122.53333333333332j)
2022-08-12 02:00:00,NBN,NBN01,,,,,(60.4+38j),(59.4+39.266666666666666j),(178.8+117.4j)
2022-08-12 02:05:00,NBN,NBN01,,,,,(64.4+40.66666666666666j),(62.53333333333333+41.46666666666667j),(190.13333333333333+124.46666666666668j)
2022-08-12 02:10:00,NBN,NBN01,,,,,(62.13333333333333+39.13333333333333j),(60.93333333333333+40.46666666666667j),(183.8+121.06666666666666j)
2022-08-12 02:15:00,NBN,NBN01,,,,,(60.86666666666667+38.06666666666667j),(59.53333333333333+39.66666666666666j),(180.13333333333333+118.4j)
2022-08-12 02:20:00,NBN,NBN01,,,,,(63.06666666666667+39.6j),(62+40.93333333333333j),(186.66666666666663+122.33333333333331j)
2022-08-12 02:25:00,NBN,NBN01,,,,,(63.266666666666666+39.6j),(62.266666666666666+41.06666666666667j),(187.2+122.46666666666668j)
2022-08-12 02:30:00,NBN,NBN01,,,,,(63.2+39.6j),(62+41.333333333333336j),(186.8+122.93333333333334j)
2022-08-12 02:35:00,NBN,NBN01,,,,,(61.46666666666667+38.8j),(59.66666666666666+39.73333333333333j),(181.26666666666668+119.26666666666668j)
2022-08-12 02:40:00,NBN,NBN01,,,,,(61.333333333333336+39.333333333333336j),(60+40.53333333333333j),(181.6+121.6j)
2022-08-12 02:45:00,NBN,NBN01,,,,,(62.333333333333336+39.66666666666666j),(61.2+41.13333333333333j),(184.8+123.33333333333331j)
2022-08-12 02:50:00,NBN,NBN01,,,,,(58.8+37.333333333333336j),(58.06666666666667+38.6j),(174.73333333333332+115.6j)
2022-08-12 02:55:00,NBN,NBN01,,,,,(62.266666666666666+39.53333333333333j),(60.66666666666666+41.13333333333333j),(183.3333333333333+122.86666666666666j)
2022-08-12 03:00:00,NBN,NBN01,,,,,(59.2+37.6j),(57.53333333333333+38.93333333333333j),(174+116.46666666666668j)
2022-08-12 03:05:00,NBN,NBN01,,,,,(62.46666666666667+39.4j),(60.2+40.66666666666666j),(183.26666666666668+121.4j)
2022-08-12 03:10:00,NBN,NBN01,,,,,(52.06666666666667+30.33333333333333j),(50.2+32.666666666666664j),(151.53333333333333+95.8j)
2022-08-12 03:15:00,NBN,NBN01,,,,,(56.46666666666667+33.46666666666667j),(54.53333333333333+35.53333333333333j),(164.73333333333332+105.06666666666666j)
2022-08-12 03:20:00,NBN,NBN01,,,,,(56+34.333333333333336j),(54.53333333333333+36.06666666666667j),(164.46666666666667+107.33333333333331j)
2022-08-12 03:25:00,NBN,NBN01,,,,,(58+36j),(56.73333333333333+38j),(171+113j)
2022-08-12 03:30:00,NBN,NBN01,,,,,(51.4+29.933333333333334j),(49.86666666666667+32j),(150.2+94.4j)
2022-08-12 03:35:00,NBN,NBN01,,,,,(58.66666666666666+35.8j),(57.46666666666667+37.8j),(172.86666666666667+112.46666666666668j)
2022-08-12 03:40:00,NBN,NBN01,,,,,(55.4+34.13333333333333j),(54.93333333333333+36.06666666666667j),(164.13333333333333+107.6j)
2022-08-12 03:45:00,NBN,NBN01,,,,,(58.73333333333333+36.86666666666667j),(57.333333333333336+38.86666666666667j),(172.8+115.66666666666669j)
2022-08-12 03:50:00,NBN,NBN01,,,,,(56.13333333333333+35.13333333333333j),(55+36.86666666666667j),(165.6+110.2j)
2022-08-12 03:55:00,NBN,NBN01,,,,,(58.333333333333336+36.73333333333333j),(57.333333333333336+38.86666666666667j),(172.4+115.33333333333331j)
2022-08-12 04:00:00,NBN,NBN01,,,,,(57+35.6j),(55.53333333333333+37.6j),(167.6+111.2j)
2022-08-12 04:05:00,NBN,NBN01,,,,,(58.13333333333333+36.06666666666667j),(55.93333333333333+37.8j),(170.2+112j)
2022-08-12 04:10:00,NBN,NBN01,,,,,(56.2+35.13333333333333j),(54.86666666666667+37.4j),(164.86666666666667+110.6j)
2022-08-12 04:15:00,NBN,NBN01,,,,,(55.73333333333333+34.8j),(54.333333333333336+37.06666666666667j),(163.33333333333334+109.46666666666668j)
2022-08-12 04:20:00,NBN,NBN01,,,,,(56.8+35.8j),(55.333333333333336+38.266666666666666j),(166.53333333333333+112.66666666666669j)
2022-08-12 04:25:00,NBN,NBN01,,,,,(55.73333333333333+34.93333333333333j),(54.266666666666666+37.13333333333333j),(163.2+110.33333333333331j)
2022-08-12 04:30:00,NBN,NBN01,,,,,(57.8+36.93333333333333j),(57+38.66666666666666j),(170.86666666666667+115.8j)
2022-08-12 04:35:00,NBN,NBN01,,,,,(56.46666666666667+34.93333333333333j),(54.73333333333333+36.73333333333333j),(165.93333333333334+108.73333333333332j)
2022-08-12 04:40:00,NBN,NBN01,,,,,(58.2+35.2j),(56.73333333333333+37.266666666666666j),(170.93333333333334+110.4j)
2022-08-12 04:45:00,NBN,NBN01,,,,,(51.4+30j),(50+32.6j),(150.06666666666666+95.46666666666668j)
2022-08-12 04:50:00,NBN,NBN01,,,,,(59.46666666666667+36.333333333333336j),(58.13333333333333+38.66666666666666j),(174.73333333333332+114.4j)
2022-08-12 04:55:00,NBN,NBN01,,,,,(57.86666666666667+35.266666666666666j),(56.53333333333333+37.06666666666667j),(170.73333333333332+110.13333333333334j)
2022-08-12 05:00:00,NBN,NBN01,,,,,(59.86666666666667+36.66666666666666j),(58.333333333333336+38.6j),(176.26666666666668+114.2j)
2022-08-12 05:05:00,NBN,NBN01,,,,,(60+36.6j),(57.8+38.6j),(175.8+113.66666666666669j)
2022-08-12 05:10:00,NBN,NBN01,,,,,(58.53333333333333+36.13333333333333j),(57.266666666666666+38.333333333333336j),(172.2+113.2j)
2022-08-12 05:15:00,NBN,NBN01,,,,,(59.333333333333336+36.4j),(58.73333333333333+38.13333333333333j),(176.26666666666668+113.66666666666669j)
2022-08-12 05:20:00,NBN,NBN01,,,,,(57.8+35.13333333333333j),(56.4+36.86666666666667j),(170.2+109.53333333333332j)
2022-08-12 05:25:00,NBN,NBN01,,,,,(59.8+37j),(58.4+39.2j),(176.06666666666666+115.46666666666668j)
2022-08-12 05:30:00,NBN,NBN01,,,,,(58+35.6j),(56.333333333333336+37.46666666666667j),(170.46666666666667+111j)
2022-08-12 05:35:00,NBN,NBN01,,,,,(60+37.2j),(58.46666666666667+39.06666666666667j),(176.46666666666667+115.93333333333334j)
2022-08-12 05:40:00,NBN,NBN01,,,,,(59.13333333333333+37.2j),(57.13333333333333+38.66666666666666j),(173.86666666666667+114.26666666666668j)
2022-08-12 05:45:00,NBN,NBN01,,,,,(57.73333333333333+35.8j),(56.266666666666666+38.13333333333333j),(169.66666666666666+112j)
2022-08-12 05:50:00,NBN,NBN01,,,,,(59+36.73333333333333j),(57.66666666666666+39j),(173.33333333333334+115.06666666666666j)
2022-08-12 05:55:00,NBN,NBN01,,,,,(56.4+34.266666666666666j),(54.8+36.53333333333333j),(165.46666666666667+107.73333333333332j)
2022-08-12 06:00:00,NBN,NBN01,,,,,(58.13333333333333+35.733333333333334j),(57.2+38j),(171.86666666666667+112.26666666666668j)
2022-08-12 06:05:00,NBN,NBN01,,,,,(57.66666666666666+35.46666666666667j),(56.53333333333333+37.66666666666666j),(169.8+111.66666666666669j)
2022-08-12 06:10:00,NBN,NBN01,,,,,(57.53333333333333+35.53333333333333j),(54.93333333333333+37.13333333333333j),(167.8+109.46666666666668j)
2022-08-12 06:15:00,NBN,NBN01,,,,,(58.73333333333333+36.8j),(57.266666666666666+39j),(172.66666666666666+114.93333333333334j)
2022-08-12 06:20:00,NBN,NBN01,,,,,(57.46666666666667+35.6j),(56.06666666666667+38.2j),(168.93333333333334+112.2j)
2022-08-12 06:25:00,NBN,NBN01,,,,,(49.86666666666667+28.73333333333333j),(48.266666666666666+31.666666666666668j),(144.73333333333332+91.8j)
2022-08-12 06:30:00,NBN,NBN01,,,,,(56.8+35.13333333333333j),(55.13333333333333+37.53333333333333j),(166.26666666666668+110.33333333333331j)
2022-08-12 06:35:00,NBN,NBN01,,,,,(57.86666666666667+35.6j),(56.266666666666666+38.2j),(169.2+111.93333333333334j)
2022-08-12 06:40:00,NBN,NBN01,,,,,(55.66666666666666+33.6j),(53.53333333333333+35.86666666666667j),(162.4+104.93333333333334j)
2022-08-12 06:45:00,NBN,NBN01,,,,,(53+30j),(52+32.2j),(156+95.33333333333331j)
2022-08-12 06:50:00,NBN,NBN01,,,,,(57.53333333333333+33.8j),(57.06666666666667+35.266666666666666j),(170.66666666666666+105.66666666666669j)
2022-08-12 06:55:00,NBN,NBN01,,,,,(56.13333333333333+32.13333333333333j),(54.66666666666666+34.46666666666667j),(164.6+101.66666666666669j)
2022-08-12 07:00:00,NBN,NBN01,,,,,(51.2+28.73333333333333j),(49.66666666666666+31.466666666666665j),(149.2+91.6j)
2022-08-12 07:05:00,NBN,NBN01,,,,,(57.266666666666666+32.46666666666667j),(55.66666666666666+34.8j),(167.8+102.2j)
2022-08-12 07:10:00,NBN,NBN01,,,,,(55.13333333333333+31.066666666666663j),(53.2+33.13333333333333j),(161.13333333333333+97.2j)
2022-08-12 07:15:00,NBN,NBN01,,,,,(52.13333333333333+29.8j),(50.73333333333333+32.2j),(152.4+94.53333333333332j)
2022-08-12 07:20:00,NBN,NBN01,,,,,(55.266666666666666+32.4j),(54.06666666666667+34.733333333333334j),(162.6+102.33333333333331j)
2022-08-12 07:25:00,NBN,NBN01,,,,,(50.2+27.6j),(49+30.266666666666666j),(146.93333333333334+88.6j)
2022-08-12 07:30:00,NBN,NBN01,,,,,(54.6+31.53333333333333j),(54+33.46666666666667j),(161.46666666666667+99.86666666666666j)
2022-08-12 07:35:00,NBN,NBN01,,,,,(56.06666666666667+32.733333333333334j),(54.333333333333336+34.4j),(164.53333333333333+102j)
2022-08-12 07:40:00,NBN,NBN01,,,,,(49.4+27.2j),(47.73333333333333+30.133333333333333j),(143.2+87.53333333333333j)
2022-08-12 07:45:00,NBN,NBN01,,,,,(50.8+29.266666666666666j),(49.46666666666667+31.6j),(148.26666666666668+93.13333333333334j)
2022-08-12 07:50:00,NBN,NBN01,,,,,(58.06666666666667+35.266666666666666j),(57.06666666666667+36.8j),(171.86666666666667+109.93333333333334j)
2022-08-12 07:55:00,NBN,NBN01,,,,,(49.8+27.4j),(48.13333333333333+30.133333333333333j),(144.66666666666666+87.73333333333333j)
2022-08-12 08:00:00,NBN,NBN01,,,,,(54.6+32.4j),(52.86666666666667+34j),(160.06666666666666+100.6j)
2022-08-12 08:05:00,NBN,NBN01,,,,,(52.333333333333336+29.8j),(51.13333333333333+31.8j),(153.93333333333334+94.33333333333331j)
2022-08-12 08:10:00,NBN,NBN01,,,,,(52.93333333333333+30.33333333333333j),(51.53333333333333+32.2j),(155.06666666666666+95.6j)
2022-08-12 08:15:00,NBN,NBN01,,,,,(52.266666666666666+29.73333333333333j),(50.66666666666666+31.866666666666667j),(152.73333333333332+94j)
2022-08-12 08:20:00,NBN,NBN01,,,,,(50.93333333333333+28.933333333333334j),(49.46666666666667+31.133333333333333j),(149.06666666666666+91.33333333333331j)
2022-08-12 08:25:00,NBN,NBN01,,,,,(56.4+32.93333333333333j),(54.4+34.86666666666667j),(165.06666666666666+103.13333333333334j)
2022-08-12 08:30:00,NBN,NBN01,,,,,(50.06666666666667+28j),(47.93333333333333+30j),(145.73333333333332+87.73333333333333j)
2022-08-12 08:35:00,NBN,NBN01,,,,,(56.266666666666666+33.06666666666667j),(54.86666666666667+35j),(165.6+103.8j)
2022-08-12 08:40:00,NBN,NBN01,,,,,(49.6+27.53333333333333j),(48.06666666666667+29.8j),(144.6+87.66666666666667j)
2022-08-12 08:45:00,NBN,NBN01,,,,,(54.86666666666667+32.2j),(54.06666666666667+33.8j),(162.46666666666667+100.93333333333334j)
2022-08-12 08:50:00,NBN,NBN01,,,,,(47.2+25.6j),(45.73333333333333+28.6j),(137.53333333333333+82.8j)
2022-08-12 08:55:00,NBN,NBN01,,,,,(55.2+32.86666666666667j),(53.13333333333333+34.13333333333333j),(161.93333333333334+101.66666666666669j)
2022-08-12 09:00:00,NBN,NBN01,,,,,(47.13333333333333+25.8j),(45.4+27.933333333333334j),(137.46666666666667+81.4j)
2022-08-12 09:05:00,NBN,NBN01,,,,,(56.53333333333333+33.46666666666667j),(55+35.266666666666666j),(166.13333333333333+104.8j)
2022-08-12 09:10:00,NBN,NBN01,,,,,(48.4+26.066666666666663j),(46.2+28.666666666666668j),(140.2+83.13333333333334j)
2022-08-12 09:15:00,NBN,NBN01,,,,,(55.266666666666666+32.06666666666667j),(52.4+34.53333333333333j),(159.8+101.26666666666668j)
2022-08-12 09:20:00,NBN,NBN01,,,,,(52.8+29j),(50.06666666666667+31j),(152.8+91.73333333333332j)
2022-08-12 09:25:00,NBN,NBN01,,,,,(53+29.866666666666667j),(51.13333333333333+32.46666666666667j),(154.46666666666667+95.53333333333332j)
2022-08-12 09:30:00,NBN,NBN01,,,,,(53+30j),(51.06666666666667+32.86666666666667j),(153.86666666666667+95.93333333333334j)
2022-08-12 09:35:00,NBN,NBN01,,,,,(53.2+30.133333333333333j),(50.93333333333333+33.06666666666667j),(153.8+96.4j)
2022-08-12 09:40:00,NBN,NBN01,,,,,(55.2+31.4j),(52.2+33.266666666666666j),(159.53333333333333+98.2j)
2022-08-12 09:45:00,NBN,NBN01,,,,,(52.06666666666667+29.133333333333333j),(49.8+31.6j),(150.13333333333333+92.93333333333334j)
2022-08-12 09:50:00,NBN,NBN01,,,,,(55.06666666666667+30.933333333333334j),(52.73333333333333+33.46666666666667j),(159.46666666666667+98.6j)
2022-08-12 09:55:00,NBN,NBN01,,,,,(49.73333333333333+26.933333333333334j),(47.66666666666666+30j),(143.2+87.4j)
2022-08-12 10:00:00,NBN,NBN01,,,,,(56.13333333333333+32.06666666666667j),(54.93333333333333+34.266666666666666j),(164.66666666666666+101.73333333333332j)
2022-08-12 10:05:00,NBN,NBN01,,,,,(53.4+29.2j),(50.13333333333333+31.4j),(153.46666666666667+91.86666666666666j)
2022-08-12 10:10:00,NBN,NBN01,,,,,(56.4+31.066666666666663j),(53.86666666666667+33.8j),(163.33333333333334+99.06666666666666j)
2022-08-12 10:15:00,NBN,NBN01,,,,,(55.06666666666667+30.266666666666666j),(52.66666666666666+33.46666666666667j),(158.66666666666666+97.06666666666666j)
2022-08-12 10:20:00,NBN,NBN01,,,,,(51.13333333333333+27.133333333333333j),(48.53333333333333+30.2j),(146.73333333333332+87.6j)
2022-08-12 10:25:00,NBN,NBN01,,,,,(54.266666666666666+30.73333333333333j),(51.66666666666666+32.93333333333333j),(156.86666666666667+97.26666666666668j)
2022-08-12 10:30:00,NBN,NBN01,,,,,(53+28.53333333333333j),(50.266666666666666+31.33333333333333j),(152.2+92.13333333333334j)
2022-08-12 10:35:00,NBN,NBN01,,,,,(55.333333333333336+29.6j),(51.333333333333336+31.266666666666666j),(157.86666666666667+92.86666666666666j)
2022-08-12 10:40:00,NBN,NBN01,,,,,(52.93333333333333+28.066666666666663j),(49.53333333333333+31.066666666666663j),(150.2+90.2j)
2022-08-12 10:45:00,NBN,NBN01,,,,,(56.2+30.8j),(53.66666666666666+33.46666666666667j),(161.33333333333334+98.53333333333332j)
2022-08-12 10:50:00,NBN,NBN01,,,,,(50.53333333333333+26.266666666666666j),(47.66666666666666+29.133333333333333j),(143.8+84.6j)
2022-08-12 10:55:00,NBN,NBN01,,,,,(58.266666666666666+32.666666666666664j),(55.4+34.86666666666667j),(167.4+102.86666666666666j)
2022-08-12 11:00:00,NBN,NBN01,,,,,(56.46666666666667+29.933333333333334j),(52.86666666666667+32.4j),(160.73333333333332+94.33333333333331j)
2022-08-12 11:05:00,NBN,NBN01,,,,,(50.13333333333333+25.933333333333334j),(47.46666666666667+28.866666666666667j),(143.2+83.26666666666667j)
2022-08-12 11:10:00,NBN,NBN01,,,,,(55+30.73333333333333j),(53.6+32.6j),(160.66666666666666+97j)
2022-08-12 11:15:00,NBN,NBN01,,,,,(51.6+27.6j),(50.13333333333333+29.933333333333334j),(150.06666666666666+88.26666666666667j)
2022-08-12 11:20:00,NBN,NBN01,,,,,(56.73333333333333+30.866666666666667j),(54+32.86666666666667j),(163.26666666666668+97j)
2022-08-12 11:25:00,NBN,NBN01,,,,,(53.73333333333333+27.73333333333333j),(50.86666666666667+30.6j),(153.46666666666667+89.4j)
2022-08-12 11:30:00,NBN,NBN01,,,,,(58.53333333333333+32.266666666666666j),(54.53333333333333+33.93333333333333j),(166.86666666666667+99.86666666666666j)
2022-08-12 11:35:00,NBN,NBN01,,,,,(51.86666666666667+26.866666666666667j),(48.6+29.266666666666666j),(147.2+85.53333333333333j)
2022-08-12 11:40:00,NBN,NBN01,,,,,(59.6+33.333333333333336j),(56.4+35.06666666666667j),(171.66666666666666+104.06666666666666j)
2022-08-12 11:45:00,NBN,NBN01,,,,,(53.333333333333336+27.73333333333333j),(49.93333333333333+30.33333333333333j),(151.73333333333332+88j)
2022-08-12 11:50:00,NBN,NBN01,,,,,(57.73333333333333+31.466666666666665j),(55.06666666666667+33.2j),(166.6+99.4j)
2022-08-12 11:55:00,NBN,NBN01,,,,,(53.2+28.066666666666663j),(49.73333333333333+30.866666666666667j),(151.06666666666666+89.66666666666667j)
2022-08-12 12:00:00,NBN,NBN01,,,,,(58.73333333333333+32.46666666666667j),(54.73333333333333+34.266666666666666j),(168.13333333333333+100.6j)
2022-08-12 12:05:00,NBN,NBN01,,,,,(53.2+28.53333333333333j),(50.4+31.6j),(151.93333333333334+91j)
2022-08-12 12:10:00,NBN,NBN01,,,,,(58.8+34.53333333333333j),(56.73333333333333+37j),(170.93333333333334+107.86666666666666j)
2022-08-12 12:15:00,NBN,NBN01,,,,,(59.266666666666666+34.8j),(57.2+37.46666666666667j),(172.2+109.53333333333332j)
2022-08-12 12:20:00,NBN,NBN01,,,,,(54.93333333333333+30.266666666666666j),(51.6+33.46666666666667j),(156.53333333333333+96.2j)
2022-08-12 12:25:00,NBN,NBN01,,,,,(62.46666666666667+35.4j),(58.06666666666667+37.86666666666667j),(178.06666666666666+110.2j)
2022-08-12 12:30:00,NBN,NBN01,,,,,(60.266666666666666+33.733333333333334j),(56.86666666666667+36j),(173.33333333333334+105.6j)
2022-08-12 12:35:00,NBN,NBN01,,,,,(62.8+36.06666666666667j),(59.46666666666667+39.06666666666667j),(180.6+114.2j)
2022-08-12 12:40:00,NBN,NBN01,,,,,(56.2+32.2j),(52.8+36.2j),(159.93333333333334+103.73333333333332j)
2022-08-12 12:45:00,NBN,NBN01,,,,,(60.266666666666666+34.8j),(56.2+38.13333333333333j),(172.13333333333333+109.33333333333331j)
2022-08-12 12:50:00,NBN,NBN01,,,,,(64.33333333333333+38.53333333333333j),(60.73333333333333+42.4j),(184.3333333333333+121.86666666666666j)
2022-08-12 12:55:00,NBN,NBN01,,,,,(60.46666666666667+34.733333333333334j),(56.2+38.66666666666666j),(171.6+110.73333333333332j)
2022-08-12 13:00:00,NBN,NBN01,,,,,(63.06666666666667+36.46666666666667j),(58.66666666666666+40.86666666666667j),(178.66666666666666+116.26666666666668j)
2022-08-12 13:05:00,NBN,NBN01,,,,,(61.6+36.66666666666666j),(57.73333333333333+41j),(175+117.26666666666668j)
2022-08-12 13:10:00,NBN,NBN01,,,,,(63.06666666666667+36.6j),(58.13333333333333+40.06666666666667j),(178.86666666666667+114.93333333333334j)
2022-08-12 13:15:00,NBN,NBN01,,,,,(61.66666666666666+37.53333333333333j),(57.2+42.06666666666667j),(174.26666666666668+119.73333333333332j)
2022-08-12 13:20:00,NBN,NBN01,,,,,(61.333333333333336+38.06666666666667j),(57.66666666666666+43.06666666666667j),(174.53333333333333+122j)
2022-08-12 13:25:00,NBN,NBN01,,,,,(59.4+35.46666666666667j),(54.86666666666667+40.13333333333333j),(167.86666666666667+113.4j)
2022-08-12 13:30:00,NBN,NBN01,,,,,(60.6+37.13333333333333j),(56.2+42.2j),(171+119j)
2022-08-12 13:35:00,NBN,NBN01,,,,,(58.53333333333333+36.06666666666667j),(53.46666666666667+40.86666666666667j),(163.8+114.53333333333332j)
2022-08-12 13:40:00,NBN,NBN01,,,,,(61.2+37.6j),(56.4+43.06666666666667j),(172.06666666666666+120.33333333333331j)
2022-08-12 13:45:00,NBN,NBN01,,,,,(59.53333333333333+36.73333333333333j),(54.333333333333336+42j),(166.46666666666667+118.06666666666666j)
2022-08-12 13:50:00,NBN,NBN01,,,,,(61.6+36.73333333333333j),(56.6+42.6j),(172+118.86666666666666j)
2022-08-12 13:55:00,NBN,NBN01,,,,,(61.4+37.13333333333333j),(55.46666666666667+42.46666666666667j),(169.93333333333334+118.33333333333331j)
2022-08-12 14:00:00,NBN,NBN01,,,,,(61.73333333333333+37.8j),(55.6+43.6j),(171.13333333333333+121j)
2022-08-12 14:05:00,NBN,NBN01,,,,,(64.86666666666666+37.46666666666667j),(58.13333333333333+44.06666666666667j),(178.6+120.66666666666669j)
2022-08-12 14:10:00,NBN,NBN01,,,,,(63.4+37.73333333333333j),(57.46666666666667+43.86666666666667j),(175.13333333333333+121.4j)
2022-08-12 14:15:00,NBN,NBN01,,,,,(64.06666666666666+39.2j),(58.4+45.13333333333333j),(177.33333333333334+125.26666666666668j)
2022-08-12 14:20:00,NBN,NBN01,,,,,(65.2+39.333333333333336j),(58.66666666666666+45.2j),(179.93333333333334+124.46666666666668j)
2022-08-12 14:25:00,NBN,NBN01,,,,,(64.4+39.46666666666667j),(59.266666666666666+45.46666666666667j),(179.53333333333333+126.4j)
2022-08-12 14:30:00,NBN,NBN01,,,,,(64.33333333333333+39.73333333333333j),(60.266666666666666+45.73333333333333j),(180.8+127.2j)
2022-08-12 14:35:00,NBN,NBN01,,,,,(66.4+40.53333333333333j),(61.4+46.4j),(185.3333333333333+129.66666666666666j)
2022-08-12 14:40:00,NBN,NBN01,,,,,(69.13333333333334+43.73333333333333j),(64.06666666666666+49.266666666666666j),(194.06666666666663+138.2j)
2022-08-12 14:45:00,NBN,NBN01,,,,,(69.86666666666666+43.53333333333333j),(62.93333333333333+49j),(194+136.73333333333332j)
2022-08-12 14:50:00,NBN,NBN01,,,,,(67.53333333333333+42.4j),(61.6+48.06666666666667j),(188.13333333333333+134.2j)
2022-08-12 14:55:00,NBN,NBN01,,,,,(67.86666666666666+43.266666666666666j),(63.86666666666667+48.333333333333336j),(192.3333333333333+136.6j)
2022-08-12 15:00:00,NBN,NBN01,,,,,(68.46666666666667+42.93333333333333j),(62.73333333333333+48.2j),(191.13333333333333+135.2j)
2022-08-12 15:05:00,NBN,NBN01,,,,,(67.73333333333333+42.8j),(62.53333333333333+47.73333333333333j),(190.13333333333333+134.53333333333333j)
2022-08-12 15:10:00,NBN,NBN01,,,,,(66.53333333333333+42j),(61.53333333333333+47.2j),(186.53333333333333+133.06666666666666j)
2022-08-12 15:15:00,NBN,NBN01,,,,,(65.6+41.73333333333333j),(59.73333333333333+47.46666666666667j),(182.3333333333333+132.46666666666667j)
2022-08-12 15:20:00,NBN,NBN01,,,,,(68.93333333333334+44.13333333333333j),(62.93333333333333+50.333333333333336j),(191.66666666666663+140.33333333333334j)
2022-08-12 15:25:00,NBN,NBN01,,,,,(72.06666666666666+46.13333333333333j),(65.86666666666666+51.66666666666666j),(201.2+144.66666666666666j)
2022-08-12 15:30:00,NBN,NBN01,,,,,(68.6+42.86666666666667j),(62.06666666666667+49.53333333333333j),(189.2+137.13333333333333j)
2022-08-12 15:35:00,NBN,NBN01,,,,,(65.6+40.6j),(59.2+47.73333333333333j),(180.2+130.4j)
2022-08-12 15:40:00,NBN,NBN01,,,,,(66.93333333333334+41.6j),(61+48.2j),(185+133.26666666666668j)
2022-08-12 15:45:00,NBN,NBN01,,,,,(66.06666666666666+40.6j),(59.6+47.333333333333336j),(181.9333333333333+130.33333333333334j)
2022-08-12 15:50:00,NBN,NBN01,,,,,(65.06666666666666+40.66666666666666j),(59.06666666666667+46.86666666666667j),(179.93333333333334+129.8j)
2022-08-12 15:55:00,NBN,NBN01,,,,,(63.8+39.333333333333336j),(58.13333333333333+46.333333333333336j),(176.26666666666668+127.4j)
2022-08-12 16:00:00,NBN,NBN01,,,,,(66.26666666666667+41.13333333333333j),(59.8+47.333333333333336j),(182.46666666666667+130.4j)
2022-08-12 16:05:00,NBN,NBN01,,,,,(66.13333333333334+41.2j),(60.66666666666666+47.6j),(183.46666666666667+131.6j)
2022-08-12 16:10:00,NBN,NBN01,,,,,(64.93333333333334+39.66666666666666j),(59.6+46.8j),(179+128.2j)
2022-08-12 16:15:00,NBN,NBN01,,,,,(63.333333333333336+38.53333333333333j),(58.2+45.86666666666667j),(174.46666666666667+125.33333333333331j)
2022-08-12 16:20:00,NBN,NBN01,,,,,(66.73333333333333+41.46666666666667j),(61+48.8j),(183.26666666666668+132.8j)
2022-08-12 16:25:00,NBN,NBN01,,,,,(63.8+38.46666666666667j),(57.13333333333333+45.66666666666666j),(173.53333333333333+123.2j)
2022-08-12 16:30:00,NBN,NBN01,,,,,(63.46666666666667+38.8j),(58.6+46.8j),(175+127.2j)
2022-08-12 16:35:00,NBN,NBN01,,,,,(64+39.2j),(58.93333333333333+47j),(175.86666666666667+127.73333333333332j)
2022-08-12 16:40:00,NBN,NBN01,,,,,(63.53333333333333+38.4j),(57.06666666666667+45.4j),(173.2+122.93333333333334j)
2022-08-12 16:45:00,NBN,NBN01,,,,,(65.66666666666667+40.73333333333333j),(59.4+48.333333333333336j),(179.53333333333333+131.46666666666667j)
2022-08-12 16:50:00,NBN,NBN01,,,,,(62.46666666666667+38.266666666666666j),(56.46666666666667+45.66666666666666j),(170.93333333333334+124.06666666666666j)
2022-08-12 16:55:00,NBN,NBN01,,,,,(63.8+39.13333333333333j),(57.86666666666667+46.2j),(174.4+126j)
2022-08-12 17:00:00,NBN,NBN01,,,,,(63.8+39.46666666666667j),(58.8+46.4j),(175.86666666666667+127.46666666666668j)
2022-08-12 17:05:00,NBN,NBN01,,,,,(64.66666666666667+39.06666666666667j),(57.73333333333333+46.66666666666666j),(175.53333333333333+125.8j)
2022-08-12 17:10:00,NBN,NBN01,,,,,(63.93333333333333+39j),(58.46666666666667+46.13333333333333j),(176.86666666666667+125.8j)
2022-08-12 17:15:00,NBN,NBN01,,,,,(65.46666666666667+40.53333333333333j),(60.73333333333333+47.4j),(182+130.46666666666667j)
2022-08-12 17:20:00,NBN,NBN01,,,,,(62.73333333333333+37.46666666666667j),(56.53333333333333+44.13333333333333j),(171.73333333333332+119.8j)
2022-08-12 17:25:00,NBN,NBN01,,,,,(65.73333333333333+40.333333333333336j),(60.73333333333333+47.46666666666667j),(182+130.8j)
2022-08-12 17:30:00,NBN,NBN01,,,,,(65.06666666666666+39.4j),(60.13333333333333+46.53333333333333j),(180.6+127.8j)
2022-08-12 17:35:00,NBN,NBN01,,,,,(66.4+40.13333333333333j),(60.4+47.13333333333333j),(182.9333333333333+128.53333333333333j)
2022-08-12 17:40:00,NBN,NBN01,,,,,(64.6+39.333333333333336j),(59.6+46.4j),(178.46666666666667+126.93333333333334j)
2022-08-12 17:45:00,NBN,NBN01,,,,,(64.66666666666667+39.13333333333333j),(58.46666666666667+46.266666666666666j),(177+125.73333333333332j)
2022-08-12 17:50:00,NBN,NBN01,,,,,(65.06666666666666+39.4j),(59.6+46.4j),(180.2+126.8j)
2022-08-12 17:55:00,NBN,NBN01,,,,,(68.06666666666666+41j),(60.73333333333333+48j),(186.8+130.46666666666667j)
2022-08-12 18:00:00,NBN,NBN01,,,,,(63.2+37.06666666666667j),(56.333333333333336+44.93333333333333j),(171.86666666666667+120.26666666666668j)
2022-08-12 18:05:00,NBN,NBN01,,,,,(65.6+39.46666666666667j),(59+47.266666666666666j),(179.33333333333334+127.93333333333334j)
2022-08-12 18:10:00,NBN,NBN01,,,,,(67.13333333333334+40.13333333333333j),(58.86666666666667+47.6j),(181.9333333333333+128.6j)
2022-08-12 18:15:00,NBN,NBN01,,,,,(62.66666666666666+38.2j),(56.266666666666666+45.73333333333333j),(171.66666666666666+123.93333333333334j)
2022-08-12 18:20:00,NBN,NBN01,,,,,(65.66666666666667+40.333333333333336j),(58.06666666666667+48j),(179.06666666666666+131j)
2022-08-12 18:25:00,NBN,NBN01,,,,,(62.06666666666667+36.86666666666667j),(54.86666666666667+44.4j),(168.93333333333334+120.13333333333334j)
2022-08-12 18:30:00,NBN,NBN01,,,,,(66.4+40.13333333333333j),(58.93333333333333+48.2j),(181.06666666666663+131.13333333333333j)
2022-08-12 18:35:00,NBN,NBN01,,,,,(66.53333333333333+39.73333333333333j),(58.6+47j),(181.4+128.06666666666666j)
2022-08-12 18:40:00,NBN,NBN01,,,,,(64.46666666666667+37.93333333333333j),(57.4+45.73333333333333j),(175.6+123.6j)
2022-08-12 18:45:00,NBN,NBN01,,,,,(65.06666666666666+38.8j),(57.8+46.46666666666667j),(177.33333333333334+126.4j)
2022-08-12 18:50:00,NBN,NBN01,,,,,(63.93333333333333+37.53333333333333j),(56.2+44.86666666666667j),(173.93333333333334+121.26666666666668j)
2022-08-12 18:55:00,NBN,NBN01,,,,,(68.4+40.86666666666667j),(60.333333333333336+47.53333333333333j),(187.26666666666668+130.26666666666668j)
2022-08-12 19:00:00,NBN,NBN01,,,,,(66.13333333333334+40.06666666666667j),(59.53333333333333+47.2j),(182.3333333333333+129.26666666666668j)
2022-08-12 19:05:00,NBN,NBN01,,,,,(66.4+38.73333333333333j),(57.93333333333333+45.266666666666666j),(181.4+123.66666666666669j)
2022-08-12 19:10:00,NBN,NBN01,,,,,(70.4+41.266666666666666j),(61.8+47.86666666666667j),(192.26666666666668+131.13333333333333j)
2022-08-12 19:15:00,NBN,NBN01,,,,,(69.73333333333333+39.66666666666666j),(59.93333333333333+46.86666666666667j),(188.13333333333333+126.2j)
2022-08-12 19:20:00,NBN,NBN01,,,,,(73+41.86666666666667j),(63.93333333333333+50.6j),(198+135.2j)
2022-08-12 19:25:00,NBN,NBN01,,,,,(71.46666666666667+41.266666666666666j),(62.73333333333333+49.86666666666667j),(194.26666666666668+132.66666666666666j)
2022-08-12 19:30:00,NBN,NBN01,,,,,(68.13333333333334+38.8j),(60.333333333333336+46.8j),(185.8+124.93333333333334j)
2022-08-12 19:35:00,NBN,NBN01,,,,,(69.73333333333333+40.06666666666667j),(63.06666666666667+48.2j),(191.66666666666663+130.66666666666666j)
2022-08-12 19:40:00,NBN,NBN01,,,,,(68.13333333333334+38.73333333333333j),(61.86666666666667+46.8j),(187.06666666666663+126.4j)
2022-08-12 19:45:00,NBN,NBN01,,,,,(66.86666666666666+39.2j),(61.266666666666666+46.46666666666667j),(184.7333333333333+127.33333333333331j)
2022-08-12 19:50:00,NBN,NBN01,,,,,(68.86666666666666+39.73333333333333j),(62.06666666666667+47j),(189.3333333333333+127.93333333333334j)
2022-08-12 19:55:00,NBN,NBN01,,,,,(67.46666666666667+39.66666666666666j),(61.8+47.06666666666667j),(186.86666666666667+129.13333333333333j)
2022-08-12 20:00:00,NBN,NBN01,,,,,(67.8+38.06666666666667j),(63.86666666666667+43.46666666666667j),(192.3333333333333+123.2j)
2022-08-12 20:05:00,NBN,NBN01,,,,,(69.66666666666667+40.266666666666666j),(64.4+47.73333333333333j),(194.3333333333333+131.53333333333333j)
2022-08-12 20:10:00,NBN,NBN01,,,,,(67.53333333333333+37.73333333333333j),(62.66666666666666+46.46666666666667j),(187.26666666666668+126.2j)
2022-08-12 20:15:00,NBN,NBN01,,,,,(69.33333333333333+38.06666666666667j),(64+46.53333333333333j),(191.8+126.73333333333332j)
2022-08-12 20:20:00,NBN,NBN01,,,,,(68.6+37.46666666666667j),(63.13333333333333+45.6j),(189.26666666666668+123.93333333333334j)
2022-08-12 20:25:00,NBN,NBN01,,,,,(69.66666666666667+38.2j),(64.13333333333334+47j),(192+127.53333333333332j)
2022-08-12 20:30:00,NBN,NBN01,,,,,(69.53333333333333+40.266666666666666j),(63.66666666666666+48.66666666666666j),(191.53333333333333+131.93333333333334j)
2022-08-12 20:35:00,NBN,NBN01,,,,,(70+40.86666666666667j),(64.13333333333334+48.73333333333333j),(193.66666666666663+133.33333333333334j)
2022-08-12 20:40:00,NBN,NBN01,,,,,(68.66666666666667+40.73333333333333j),(63.93333333333333+47.66666666666666j),(191.9333333333333+132.53333333333333j)
2022-08-12 20:45:00,NBN,NBN01,,,,,(72.46666666666667+42.6j),(66.46666666666667+48.66666666666666j),(202.3333333333333+135.6j)
2022-08-12 20:50:00,NBN,NBN01,,,,,(70.06666666666666+40.73333333333333j),(64.4+48.13333333333333j),(195.26666666666668+132.93333333333334j)
2022-08-12 20:55:00,NBN,NBN01,,,,,(71.06666666666666+41.53333333333333j),(66.6+47.2j),(200.86666666666667+132.93333333333334j)
2022-08-12 21:00:00,NBN,NBN01,,,,,(70.86666666666666+40.8j),(65.33333333333333+46.6j),(198.6+131.26666666666668j)
2022-08-12 21:05:00,NBN,NBN01,,,,,(72.73333333333333+42.333333333333336j),(66.13333333333334+48.2j),(202.6+134.73333333333332j)
2022-08-12 21:10:00,NBN,NBN01,,,,,(72+41.66666666666666j),(66.8+47.53333333333333j),(201.9333333333333+133.86666666666667j)
2022-08-12 21:15:00,NBN,NBN01,,,,,(70.26666666666667+40.06666666666667j),(64.13333333333334+47.46666666666667j),(193.86666666666667+131.2j)
2022-08-12 21:20:00,NBN,NBN01,,,,,(68.2+38.4j),(63.06666666666667+44.93333333333333j),(189.7333333333333+126j)
2022-08-12 21:25:00,NBN,NBN01,,,,,(70.86666666666666+40.333333333333336j),(65.26666666666667+46.6j),(197.2+130.8j)
2022-08-12 21:30:00,NBN,NBN01,,,,,(70.13333333333334+40.93333333333333j),(65.73333333333333+48.2j),(196.26666666666668+134.4j)
2022-08-12 21:35:00,NBN,NBN01,,,,,(69.6+40.6j),(65.4+47.333333333333336j),(195.6+133j)
2022-08-12 21:40:00,NBN,NBN01,,,,,(68.86666666666666+40.333333333333336j),(64.26666666666667+46.8j),(192.86666666666667+131.33333333333334j)
2022-08-12 21:45:00,NBN,NBN01,,,,,(68.53333333333333+39.73333333333333j),(64.13333333333334+45.13333333333333j),(193.06666666666663+128.26666666666668j)
2022-08-12 21:50:00,NBN,NBN01,,,,,(66.86666666666666+38.8j),(63.46666666666667+45.333333333333336j),(188.86666666666667+127.4j)
2022-08-12 21:55:00,NBN,NBN01,,,,,(68+39.86666666666667j),(64.53333333333333+46.13333333333333j),(192.4+130.26666666666668j)
2022-08-12 22:00:00,NBN,NBN01,,,,,(65.86666666666666+37.333333333333336j),(62.333333333333336+43.266666666666666j),(186.13333333333333+122.13333333333334j)
2022-08-12 22:05:00,NBN,NBN01,,,,,(66+37.8j),(61.8+43.266666666666666j),(185.86666666666667+121.73333333333332j)
2022-08-12 22:10:00,NBN,NBN01,,,,,(65.33333333333333+36.333333333333336j),(62.86666666666667+43j),(185.66666666666663+121.06666666666666j)
2022-08-12 22:15:00,NBN,NBN01,,,,,(65.13333333333334+37.13333333333333j),(62.53333333333333+41.73333333333333j),(186.66666666666663+120.06666666666666j)
2022-08-12 22:20:00,NBN,NBN01,,,,,(65.73333333333333+37.6j),(63.333333333333336+42.06666666666667j),(189+121.66666666666669j)
2022-08-12 22:25:00,NBN,NBN01,,,,,(67.53333333333333+38.6j),(65.46666666666667+43.2j),(194+124.86666666666666j)
2022-08-12 22:30:00,NBN,NBN01,,,,,(68+39.13333333333333j),(65.26666666666667+43j),(195.13333333333333+124.66666666666669j)
2022-08-12 22:35:00,NBN,NBN01,,,,,(66.73333333333333+38.2j),(65.06666666666666+42.333333333333336j),(192.66666666666663+123.2j)
2022-08-12 22:40:00,NBN,NBN01,,,,,(67.8+38.333333333333336j),(64.66666666666667+41.13333333333333j),(195.26666666666668+120.73333333333332j)
2022-08-12 22:45:00,NBN,NBN01,,,,,(67.26666666666667+38.53333333333333j),(63.66666666666666+42.4j),(191.66666666666663+122.53333333333332j)
2022-08-12 22:50:00,NBN,NBN01,,,,,(67.8+40.06666666666667j),(63.66666666666666+42.8j),(193.66666666666663+124.53333333333332j)
2022-08-12 22:55:00,NBN,NBN01,,,,,(67.46666666666667+40.73333333333333j),(62.46666666666667+42.73333333333333j),(192.4+124.2j)
2022-08-12 23:00:00,NBN,NBN01,,,,,(64.93333333333334+39.93333333333333j),(62.333333333333336+42.46666666666667j),(187.66666666666663+123.73333333333332j)
2022-08-12 23:05:00,NBN,NBN01,,,,,(62.6+38.86666666666667j),(60.93333333333333+41j),(182.9333333333333+121.4j)
2022-08-12 23:10:00,NBN,NBN01,,,,,(64.26666666666667+40.266666666666666j),(62.333333333333336+42.06666666666667j),(187.2+124.66666666666669j)
2022-08-12 23:15:00,NBN,NBN01,,,,,(63.46666666666667+39.53333333333333j),(60.6+41.73333333333333j),(183.46666666666667+122.33333333333331j)
2022-08-12 23:20:00,NBN,NBN01,,,,,(63.4+39.2j),(60.6+41.2j),(183.2+121.46666666666668j)
2022-08-12 23:25:00,NBN,NBN01,,,,,(62.2+38.8j),(59.46666666666667+40.4j),(179.66666666666666+119.73333333333332j)
2022-08-12 23:30:00,NBN,NBN01,,,,,(63.4+38.6j),(59.4+40.2j),(180.53333333333333+119.2j)
2022-08-12 23:35:00,NBN,NBN01,,,,,(64.86666666666666+39.53333333333333j),(60.66666666666666+41.66666666666666j),(184.9333333333333+122.46666666666668j)
2022-08-12 23:40:00,NBN,NBN01,,,,,(64.86666666666666+39.73333333333333j),(60.93333333333333+41.73333333333333j),(185.2+123.13333333333334j)
2022-08-12 23:45:00,NBN,NBN01,,,,,(63.73333333333333+40.06666666666667j),(60.73333333333333+41.4j),(184.66666666666663+122.86666666666666j)
2022-08-12 23:50:00,NBN,NBN01,,,,,(61.46666666666667+39.4j),(61.333333333333336+40.66666666666666j),(182.2+122.4j)
2022-08-12 23:55:00,NBN,NBN01,,,,,(62.66666666666666+39.6j),(61.333333333333336+41.2j),(183.7333333333333+122.4j)
